p_depol,n,t,p_failed_round,p_false_reject
0.0001,40,40,0.278458,1.0
0.0001,40,39,0.272316,1.0
0.0001,39,40,0.273883,1.0
0.0001,40,38,0.269443,1.0
0.0001,39,39,0.269416,1.0
0.0001,38,40,0.269536,1.0
0.0001,40,37,0.265182,1.0
0.0001,39,38,0.26431,1.0
0.0001,38,39,0.263108,1.0
0.0001,37,40,0.264084,1.0
0.0001,40,36,0.260072,1.0
0.0001,39,37,0.260363,1.0
0.0001,38,38,0.260334,1.0
0.0001,37,39,0.261152,1.0
0.0001,36,40,0.259001,1.0
0.0001,40,35,0.254735,1.0
0.0001,39,36,0.255669,1.0
0.0001,38,37,0.256419,1.0
0.0001,37,38,0.25572,1.0
0.0001,36,39,0.255466,1.0
0.0001,35,40,0.254233,1.0
0.0001,40,34,0.250042,1.0
0.0001,39,35,0.250323,1.0
0.0001,38,36,0.250278,1.0
0.0001,37,37,0.251101,1.0
0.0001,36,38,0.251574,1.0
0.0001,35,39,0.251643,1.0
0.0001,34,40,0.249623,1.0
0.0001,40,33,0.244865,1.0
0.0001,39,34,0.246706,1.0
0.0001,37,36,0.244721,1.0
0.0001,36,37,0.245337,1.0
0.0001,35,38,0.245481,1.0
0.0001,33,40,0.245197,1.0
0.0001,38,34,0.240098,1.0
0.0001,39,33,0.241517,1.0
0.0001,34,39,0.245443,1.0
0.0001,40,32,0.239591,1.0
0.0001,38,35,0.24655,1.0
0.0001,37,35,0.241935,1.0
0.0001,35,37,0.241561,1.0
0.0001,36,36,0.242447,1.0
0.0001,34,38,0.24031,1.0
0.0001,32,40,0.239144,1.0
0.0001,40,31,0.234838,1.0
0.0001,39,32,0.235298,1.0
0.0001,38,33,0.236752,1.0
0.0001,33,39,0.239869,1.0
0.0001,37,34,0.237315,1.0
0.0001,36,35,0.237649,1.0
0.0001,33,38,0.23543,1.0
0.0001,31,40,0.234782,1.0
0.0001,35,36,0.23698,1.0
0.0001,32,39,0.234687,1.0
0.0001,40,30,0.229114,1.0
0.0001,34,37,0.236968,1.0
0.0001,37,33,0.231896,1.0
0.0001,38,32,0.231154,1.0
0.0001,39,31,0.230416,1.0
0.0001,36,34,0.23115,1.0
0.0001,34,36,0.232601,1.0
0.0001,33,37,0.230644,1.0
0.0001,35,35,0.232158,1.0
0.0001,31,39,0.22958,1.0
0.0001,40,29,0.22385,1.0
0.0001,32,38,0.230394,1.0
0.0001,37,32,0.226956,1.0
0.0001,30,40,0.228117,1.0
0.0001,39,30,0.225496,1.0
0.0001,38,31,0.225175,1.0
0.0001,36,33,0.227066,1.0
0.0001,34,35,0.227869,1.0
0.0001,35,34,0.227888,1.0
0.0001,33,36,0.22695,1.0
0.0001,30,39,0.224879,1.0
0.0001,32,37,0.225942,1.0
0.0001,31,38,0.225749,1.0
0.0001,29,40,0.223532,1.0
0.0001,39,29,0.219942,1.0
0.0001,40,28,0.219101,1.0
0.0001,37,31,0.220601,1.0
0.0001,38,30,0.221787,1.0
0.0001,36,32,0.222448,1.0
0.0001,35,33,0.22352,1.0
0.0001,34,34,0.223492,1.0
0.0001,32,36,0.221991,1.0
0.0001,33,35,0.223392,1.0
0.0001,29,39,0.218367,1.0
0.0001,31,37,0.221301,1.0
0.0001,30,38,0.220632,1.0
0.0001,28,40,0.216716,1.0
0.0001,40,27,0.21266,1.0
0.0001,39,28,0.213862,1.0
0.0001,38,29,0.214776,1.0
0.0001,37,30,0.217199,1.0
0.0001,36,31,0.217305,1.0
0.0001,33,34,0.217608,1.0
0.0001,35,32,0.21753,1.0
0.0001,34,33,0.217318,1.0
0.0001,32,35,0.218828,1.0
0.0001,31,36,0.216973,1.0
0.0001,30,37,0.216974,1.0
0.0001,29,38,0.215657,1.0
0.0001,27,40,0.212254,1.0
0.0001,28,39,0.21294,1.0
0.0001,40,26,0.206374,1.0
0.0001,38,28,0.209352,1.0
0.0001,39,27,0.208781,1.0
0.0001,36,30,0.211699,1.0
0.0001,37,29,0.211595,1.0
0.0001,35,31,0.213242,1.0
0.0001,34,32,0.212787,1.0
0.0001,33,33,0.212957,1.0
0.0001,32,34,0.212843,1.0
0.0001,30,36,0.211841,1.0
0.0001,31,35,0.21266,1.0
0.0001,28,38,0.209239,1.0
0.0001,29,37,0.211362,1.0
0.0001,27,39,0.207157,1.0
0.0001,26,40,0.205771,1.0
0.0001,40,25,0.201027,1.0
0.0001,38,27,0.204301,1.0
0.0001,39,26,0.203414,1.0
0.0001,36,29,0.207186,1.0
0.0001,37,28,0.205808,1.0
0.0001,35,30,0.207938,1.0
0.0001,34,31,0.208491,1.0
0.0001,33,32,0.208573,1.0
0.0001,32,33,0.208697,1.0
0.0001,31,34,0.208226,1.0
0.0001,30,35,0.208462,1.0
0.0001,28,37,0.206394,1.0
0.0001,29,36,0.207107,1.0
0.0001,27,38,0.203531,1.0
0.0001,26,39,0.202568,1.0
0.0001,40,24,0.195487,1.0
0.0001,25,40,0.200153,1.0
0.0001,37,27,0.20058,1.0
0.0001,39,25,0.197177,1.0
0.0001,38,26,0.19921,1.0
0.0001,36,28,0.201051,1.0
0.0001,34,30,0.203858,1.0
0.0001,35,29,0.20186,1.0
0.0001,32,32,0.203814,1.0
0.0001,33,31,0.202868,1.0
0.0001,31,33,0.203202,1.0
0.0001,30,34,0.2034,1.0
0.0001,28,36,0.202075,1.0
0.0001,29,35,0.202262,1.0
0.0001,27,37,0.199618,1.0
0.0001,26,38,0.198494,1.0
0.0001,24,40,0.193443,1.0
0.0001,40,23,0.18796,1.0
0.0001,25,39,0.196282,1.0
0.0001,39,24,0.190044,1.0
0.0001,38,25,0.193758,1.0
0.0001,37,26,0.193632,1.0
0.0001,36,27,0.196745,1.0
0.0001,35,28,0.198346,1.0
0.0001,34,29,0.198896,1.0
0.0001,33,30,0.198684,1.0
0.0001,32,31,0.199035,1.0
0.0001,31,32,0.19921,1.0
0.0001,30,33,0.199026,1.0
0.0001,29,34,0.197395,1.0
0.0001,28,35,0.197161,1.0
0.0001,27,36,0.196018,1.0
0.0001,25,38,0.192966,1.0
0.0001,26,37,0.194987,1.0
0.0001,24,39,0.190182,1.0
0.0001,23,40,0.187777,1.0
0.0001,40,22,0.181029,1.0
0.0001,39,23,0.185068,1.0
0.0001,38,24,0.186768,1.0
0.0001,37,25,0.187982,1.0
0.0001,36,26,0.190088,1.0
0.0001,35,27,0.192674,1.0
0.0001,33,29,0.193062,1.0
0.0001,34,28,0.193459,1.0
0.0001,32,30,0.193447,1.0
0.0001,31,31,0.194509,1.0
0.0001,30,32,0.193597,1.0
0.0001,29,33,0.19327,1.0
0.0001,28,34,0.19309,1.0
0.0001,26,36,0.191152,1.0
0.0001,27,35,0.191306,1.0
0.0001,24,38,0.186263,1.0
0.0001,25,37,0.18838,1.0
0.0001,22,40,0.180936,1.0
0.0001,40,21,0.175582,1.0
0.0001,23,39,0.182838,1.0
0.0001,39,22,0.178519,1.0
0.0001,38,23,0.181287,1.0
0.0001,36,25,0.184163,1.0
0.0001,37,24,0.184127,1.0
0.0001,35,26,0.186467,1.0
0.0001,34,27,0.187604,1.0
0.0001,33,28,0.187695,1.0
0.0001,32,29,0.18859,1.0
0.0001,30,31,0.189101,1.0
0.0001,31,30,0.189604,1.0
0.0001,29,32,0.188068,1.0
0.0001,28,33,0.18903,1.0
0.0001,27,34,0.186435,1.0
0.0001,26,35,0.185203,1.0
0.0001,24,37,0.183075,1.0
0.0001,25,36,0.183909,1.0
0.0001,23,38,0.179749,1.0
0.0001,40,20,0.168853,1.0
0.0001,22,39,0.17722,1.0
0.0001,21,40,0.173621,1.0
0.0001,39,21,0.172942,1.0
0.0001,38,22,0.175082,1.0
0.0001,37,23,0.1776,1.0
0.0001,36,24,0.179008,1.0
0.0001,35,25,0.180647,1.0
0.0001,34,26,0.182621,1.0
0.0001,32,28,0.185465,1.0
0.0001,33,27,0.184107,1.0
0.0001,31,29,0.184767,1.0
0.0001,30,30,0.184481,1.0
0.0001,29,31,0.183798,1.0
0.0001,28,32,0.183734,1.0
0.0001,27,33,0.182994,1.0
0.0001,26,34,0.182952,1.0
0.0001,25,35,0.180291,1.0
0.0001,23,37,0.176791,1.0
0.0001,24,36,0.178653,1.0
0.0001,21,39,0.171522,1.0
0.0001,22,38,0.174098,1.0
0.0001,40,19,0.161828,1.0
0.0001,20,40,0.167796,1.0
0.0001,39,20,0.165763,1.0
0.0001,37,22,0.1711,1.0
0.0001,38,21,0.168731,1.0
0.0001,36,23,0.173945,1.0
0.0001,34,25,0.175839,1.0
0.0001,32,27,0.179686,1.0
0.0001,33,26,0.177279,1.0
0.0001,31,28,0.179837,1.0
0.0001,35,24,0.17503,1.0
0.0001,30,29,0.179945,1.0
0.0001,29,30,0.178825,1.0
0.0001,28,31,0.178035,1.0
0.0001,27,32,0.178988,1.0
0.0001,26,33,0.177495,1.0
0.0001,24,35,0.17524,1.0
0.0001,25,34,0.175701,1.0
0.0001,23,36,0.172254,1.0
0.0001,22,37,0.16986,1.0
0.0001,21,38,0.167477,1.0
0.0001,20,39,0.164734,1.0
0.0001,40,18,0.155389,1.0
0.0001,39,19,0.159181,1.0
0.0001,19,40,0.161575,1.0
0.0001,38,20,0.161394,1.0
0.0001,37,21,0.164607,1.0
0.0001,36,22,0.167336,1.0
0.0001,35,23,0.169296,1.0
0.0001,33,25,0.172609,1.0
0.0001,34,24,0.170968,1.0
0.0001,32,26,0.174013,1.0
0.0001,31,27,0.174274,1.0
0.0001,30,28,0.174503,1.0
0.0001,29,29,0.175113,1.0
0.0001,28,30,0.17466,1.0
0.0001,27,31,0.174197,1.0
0.0001,26,32,0.173245,1.0
0.0001,23,35,0.16798,1.0
0.0001,24,34,0.170061,1.0
0.0001,25,33,0.171883,1.0
0.0001,21,37,0.164271,1.0
0.0001,22,36,0.166855,1.0
0.0001,20,38,0.161423,1.0
0.0001,19,39,0.157478,1.0
0.0001,40,17,0.148665,1.0
0.0001,18,40,0.153522,1.0
0.0001,39,18,0.152707,1.0
0.0001,37,20,0.156756,1.0
0.0001,38,19,0.155279,1.0
0.0001,35,22,0.163233,1.0
0.0001,36,21,0.161238,1.0
0.0001,34,23,0.165197,1.0
0.0001,33,24,0.16625,1.0
0.0001,31,26,0.168512,1.0
0.0001,32,25,0.168017,1.0
0.0001,30,27,0.170798,1.0
0.0001,29,28,0.171237,1.0
0.0001,28,29,0.171827,1.0
0.0001,27,30,0.169222,1.0
0.0001,26,31,0.167554,1.0
0.0001,25,32,0.167674,1.0
0.0001,24,33,0.16693,1.0
0.0001,23,34,0.164449,1.0
0.0001,22,35,0.162525,1.0
0.0001,21,36,0.160316,1.0
0.0001,19,38,0.153858,1.0
0.0001,20,37,0.157965,1.0
0.0001,18,39,0.150643,1.0
0.0001,40,16,0.141382,1.0
0.0001,17,40,0.147196,1.0
0.0001,39,17,0.145778,1.0
0.0001,37,19,0.152335,1.0
0.0001,36,20,0.155099,1.0
0.0001,38,18,0.148182,1.0
0.0001,35,21,0.157599,1.0
0.0001,34,22,0.159791,1.0
0.0001,33,23,0.162154,1.0
0.0001,31,25,0.16487,1.0
0.0001,32,24,0.16364,1.0
0.0001,30,26,0.163986,1.0
0.0001,29,27,0.165903,1.0
0.0001,27,29,0.165312,1.0
0.0001,28,28,0.165016,1.0
0.0001,26,30,0.164581,1.0
0.0001,25,31,0.163655,1.0
0.0001,24,32,0.163424,1.0
0.0001,23,33,0.161677,1.0
0.0001,21,35,0.156135,1.0
0.0001,22,34,0.159493,1.0
0.0001,20,36,0.153966,1.0
0.0001,19,37,0.151431,1.0
0.0001,18,38,0.147263,1.0
0.0001,16,40,0.139818,1.0
0.0001,17,39,0.14384,1.0
0.0001,40,15,0.134439,1.0
0.0001,39,16,0.13886,1.0
0.0001,38,17,0.142888,1.0
0.0001,37,18,0.145586,1.0
0.0001,36,19,0.148568,1.0
0.0001,35,20,0.1517,1.0
0.0001,33,22,0.155931,1.0
0.0001,34,21,0.154046,1.0
0.0001,31,24,0.158803,1.0
0.0001,32,23,0.157652,1.0
0.0001,30,25,0.159795,1.0
0.0001,29,26,0.160328,1.0
0.0001,28,27,0.160178,1.0
0.0001,27,28,0.161085,1.0
0.0001,26,29,0.160366,1.0
0.0001,25,30,0.158344,1.0
0.0001,24,31,0.159036,1.0
0.0001,23,32,0.156556,1.0
0.0001,22,33,0.155017,1.0
0.0001,21,34,0.152762,1.0
0.0001,20,35,0.150277,1.0
0.0001,19,36,0.147687,1.0
0.0001,17,38,0.141254,1.0
0.0001,16,39,0.13701,1.0
0.0001,18,37,0.144462,1.0
0.0001,15,40,0.131221,1.0
0.0001,38,16,0.135036,1.0
0.0001,39,15,0.130188,1.0
0.0001,40,14,0.126124,1.0
0.0001,36,18,0.142078,1.0
0.0001,37,17,0.138179,1.0
0.0001,35,19,0.14586,1.0
0.0001,34,20,0.148311,1.0
0.0001,33,21,0.150014,1.0
0.0001,32,22,0.152019,1.0
0.0001,31,23,0.152874,1.0
0.0001,30,24,0.154766,1.0
0.0001,28,26,0.155698,1.0
0.0001,29,25,0.156135,1.0
0.0001,27,27,0.155219,1.0
0.0001,26,28,0.156016,1.0
0.0001,25,29,0.155383,1.0
0.0001,23,31,0.152345,1.0
0.0001,24,30,0.155215,1.0
0.0001,20,34,0.147198,1.0
0.0001,19,35,0.144245,1.0
0.0001,22,32,0.150606,1.0
0.0001,21,33,0.149737,1.0
0.0001,17,37,0.137781,1.0
0.0001,16,38,0.134001,1.0
0.0001,18,36,0.140702,1.0
0.0001,14,40,0.124489,1.0
0.0001,15,39,0.128968,1.0
0.0001,40,13,0.118908,1.0
0.0001,39,14,0.124401,1.0
0.0001,38,15,0.128507,1.0
0.0001,37,16,0.13272,1.0
0.0001,36,17,0.136085,1.0
0.0001,35,18,0.138692,1.0
0.0001,33,20,0.144491,1.0
0.0001,34,19,0.142095,1.0
0.0001,32,21,0.146786,1.0
0.0001,31,22,0.148339,1.0
0.0001,30,23,0.149725,1.0
0.0001,29,24,0.150436,1.0
0.0001,27,26,0.151321,1.0
0.0001,28,25,0.150759,1.0
0.0001,26,27,0.151671,1.0
0.0001,25,28,0.150345,1.0
0.0001,24,29,0.150313,1.0
0.0001,22,31,0.148211,1.0
0.0001,23,30,0.149007,1.0
0.0001,20,33,0.143521,1.0
0.0001,21,32,0.146385,1.0
0.0001,19,34,0.140247,1.0
0.0001,18,35,0.138185,1.0
0.0001,16,37,0.130673,1.0
0.0001,17,36,0.134396,1.0
0.0001,15,38,0.126163,1.0
0.0001,14,39,0.122058,1.0
0.0001,40,12,0.11199,0.9999
0.0001,13,40,0.117165,1.0
0.0001,39,13,0.11762,1.0
0.0001,38,14,0.121851,1.0
0.0001,37,15,0.12576,0.9999
0.0001,35,17,0.133339,1.0
0.0001,36,16,0.129156,1.0
0.0001,34,18,0.134967,1.0
0.0001,33,19,0.138644,1.0
0.0001,31,21,0.143609,1.0
0.0001,32,20,0.140874,1.0
0.0001,30,22,0.144475,1.0
0.0001,29,23,0.145675,1.0
0.0001,27,25,0.145887,1.0
0.0001,28,24,0.145587,1.0
0.0001,25,27,0.146029,1.0
0.0001,26,26,0.146593,1.0
0.0001,23,29,0.143233,1.0
0.0001,22,30,0.144344,1.0
0.0001,24,28,0.146321,1.0
0.0001,21,31,0.141777,1.0
0.0001,20,32,0.138783,1.0
0.0001,19,33,0.137046,1.0
0.0001,17,35,0.130591,1.0
0.0001,18,34,0.135056,1.0
0.0001,15,37,0.124566,1.0
0.0001,16,36,0.127184,1.0
0.0001,12,40,0.109015,1.0
0.0001,13,39,0.114948,1.0
0.0001,40,11,0.10367,1.0
0.0001,14,38,0.119174,1.0
0.0001,39,12,0.109124,1.0
0.0001,38,13,0.114473,1.0
0.0001,37,14,0.117258,1.0
0.0001,36,15,0.122505,1.0
0.0001,35,16,0.127219,1.0
0.0001,34,17,0.128972,1.0
0.0001,33,18,0.132264,1.0
0.0001,32,19,0.134482,1.0
0.0001,30,21,0.138666,1.0
0.0001,31,20,0.137422,1.0
0.0001,29,22,0.140112,1.0
0.0001,28,23,0.141311,1.0
0.0001,27,24,0.14267,1.0
0.0001,26,25,0.142122,1.0
0.0001,25,26,0.142385,1.0
0.0001,22,29,0.139285,1.0
0.0001,24,27,0.141091,1.0
0.0001,23,28,0.140963,1.0
0.0001,21,30,0.136995,1.0
0.0001,20,31,0.136304,1.0
0.0001,19,32,0.134377,1.0
0.0001,17,34,0.128679,1.0
0.0001,18,33,0.13174,1.0
0.0001,16,35,0.125803,1.0
0.0001,15,36,0.120213,1.0
0.0001,14,37,0.116149,1.0
0.0001,12,39,0.106791,1.0
0.0001,11,40,0.100748,1.0
0.0001,13,38,0.111833,1.0
0.0001,40,10,0.095327,1.0
0.0001,39,11,0.101764,1.0
0.0001,38,12,0.106741,1.0
0.0001,37,13,0.111166,1.0
0.0001,36,14,0.116276,1.0
0.0001,35,15,0.119345,1.0
0.0001,33,17,0.125915,1.0
0.0001,34,16,0.122311,1.0
0.0001,32,18,0.129611,1.0
0.0001,31,19,0.131202,1.0
0.0001,30,20,0.13308,1.0
0.0001,29,21,0.133523,1.0
0.0001,28,22,0.136928,1.0
0.0001,27,23,0.13626,1.0
0.0001,26,24,0.138071,1.0
0.0001,25,25,0.137062,1.0
0.0001,24,26,0.137523,1.0
0.0001,23,27,0.136596,1.0
0.0001,22,28,0.13563,1.0
0.0001,21,29,0.133162,1.0
0.0001,19,31,0.131656,1.0
0.0001,20,30,0.132377,1.0
0.0001,18,32,0.128012,1.0
0.0001,17,33,0.124276,1.0
0.0001,16,34,0.122054,1.0
0.0001,15,35,0.118063,1.0
0.0001,14,36,0.114066,1.0
0.0001,12,38,0.104745,1.0
0.0001,13,37,0.108704,1.0
0.0001,11,39,0.097623,0.9998
0.0001,10,40,0.093356,1.0
0.0001,40,9,0.087181,0.9999
0.0001,39,10,0.092739,0.9999
0.0001,38,11,0.099519,1.0
0.0001,37,12,0.10396,1.0
0.0001,36,13,0.107373,0.9999
0.0001,35,14,0.112517,1.0
0.0001,34,15,0.115158,1.0
0.0001,32,17,0.122679,1.0
0.0001,33,16,0.120253,1.0
0.0001,31,18,0.126413,1.0
0.0001,30,19,0.127367,1.0
0.0001,29,20,0.128938,1.0
0.0001,28,21,0.130566,1.0
0.0001,27,22,0.131961,1.0
0.0001,26,23,0.132719,1.0
0.0001,25,24,0.132594,1.0
0.0001,23,26,0.132317,1.0
0.0001,24,25,0.132624,1.0
0.0001,22,27,0.131352,1.0
0.0001,20,29,0.128793,1.0
0.0001,21,28,0.131029,1.0
0.0001,19,30,0.1266,1.0
0.0001,18,31,0.125306,1.0
0.0001,17,32,0.121624,1.0
0.0001,16,33,0.118914,1.0
0.0001,14,35,0.111945,1.0
0.0001,15,34,0.115844,1.0
0.0001,13,36,0.107183,1.0
0.0001,11,38,0.096682,0.9999
0.0001,12,37,0.101878,0.9999
0.0001,10,39,0.090594,1.0
0.0001,9,40,0.084214,0.9998
0.0001,40,8,0.078608,0.9999
0.0001,39,9,0.08549,0.9998
0.0001,38,10,0.091879,1.0
0.0001,37,11,0.095998,1.0
0.0001,36,12,0.10147,0.9999
0.0001,35,13,0.10626,1.0
0.0001,34,14,0.109874,0.9999
0.0001,33,15,0.11296,1.0
0.0001,32,16,0.116779,1.0
0.0001,31,17,0.119747,1.0
0.0001,30,18,0.122053,1.0
0.0001,29,19,0.125135,1.0
0.0001,28,20,0.125575,1.0
0.0001,27,21,0.126641,1.0
0.0001,25,23,0.128405,1.0
0.0001,26,22,0.128017,1.0
0.0001,24,24,0.127707,1.0
0.0001,23,25,0.128532,1.0
0.0001,22,26,0.127886,1.0
0.0001,21,27,0.126324,1.0
0.0001,20,28,0.125056,1.0
0.0001,19,29,0.123907,1.0
0.0001,18,30,0.120063,1.0
0.0001,15,33,0.112806,1.0
0.0001,16,32,0.115544,1.0
0.0001,14,34,0.108484,1.0
0.0001,17,31,0.119137,1.0
0.0001,13,35,0.104756,1.0
0.0001,11,37,0.094208,1.0
0.0001,10,38,0.089374,1.0
0.0001,12,36,0.099488,1.0
0.0001,9,39,0.082888,0.9998
0.0001,8,40,0.076202,0.9995
0.0001,40,7,0.070378,0.9994
0.0001,39,8,0.078153,0.9996
0.0001,38,9,0.082603,0.9999
0.0001,37,10,0.0886,0.9999
0.0001,36,11,0.094149,0.9999
0.0001,35,12,0.098412,1.0
0.0001,33,14,0.106716,1.0
0.0001,34,13,0.10411,1.0
0.0001,32,15,0.110132,1.0
0.0001,31,16,0.112984,1.0
0.0001,30,17,0.116182,1.0
0.0001,29,18,0.118533,1.0
0.0001,28,19,0.11935,1.0
0.0001,27,20,0.121878,1.0
0.0001,26,21,0.123019,1.0
0.0001,25,22,0.122704,1.0
0.0001,23,24,0.12278,0.9999
0.0001,24,23,0.123622,1.0
0.0001,22,25,0.122259,1.0
0.0001,21,26,0.123089,1.0
0.0001,20,27,0.121048,1.0
0.0001,18,29,0.117425,1.0
0.0001,17,30,0.114708,1.0
0.0001,19,28,0.119128,1.0
0.0001,16,31,0.113059,1.0
0.0001,14,33,0.105279,1.0
0.0001,13,34,0.101593,1.0
0.0001,15,32,0.108947,1.0
0.0001,12,35,0.097279,0.9999
0.0001,11,36,0.091474,1.0
0.0001,10,37,0.086889,0.9999
0.0001,9,38,0.08067,0.9998
0.0001,8,39,0.074432,0.9992
0.0001,40,6,0.06167,0.9983
0.0001,38,8,0.075389,0.9996
0.0001,7,40,0.067246,0.9987
0.0001,39,7,0.068996,0.9991
0.0001,37,9,0.081102,0.9998
0.0001,36,10,0.087142,0.9999
0.0001,35,11,0.091623,0.9999
0.0001,34,12,0.095959,1.0
0.0001,33,13,0.100838,0.9998
0.0001,32,14,0.105214,1.0
0.0001,31,15,0.107697,1.0
0.0001,29,17,0.113022,1.0
0.0001,30,16,0.110697,1.0
0.0001,28,18,0.115918,1.0
0.0001,26,20,0.118635,1.0
0.0001,27,19,0.117092,0.9999
0.0001,25,21,0.117629,1.0
0.0001,24,22,0.118544,1.0
0.0001,23,23,0.119579,1.0
0.0001,22,24,0.118221,1.0
0.0001,21,25,0.117866,1.0
0.0001,20,26,0.118212,1.0
0.0001,19,27,0.115203,1.0
0.0001,18,28,0.114487,1.0
0.0001,17,29,0.111365,1.0
0.0001,16,30,0.109771,1.0
0.0001,15,31,0.107116,1.0
0.0001,13,33,0.099017,1.0
0.0001,14,32,0.103523,1.0
0.0001,12,34,0.095251,1.0
0.0001,11,35,0.089221,0.9998
0.0001,9,37,0.078999,0.9999
0.0001,10,36,0.084631,1.0
0.0001,8,38,0.073097,0.9995
0.0001,7,39,0.066044,0.9986
0.0001,6,40,0.058857,0.998
0.0001,40,5,0.052308,0.9951
0.0001,39,6,0.061069,0.9979
0.0001,38,7,0.067536,0.9994
0.0001,37,8,0.073577,0.9998
0.0001,36,9,0.079895,0.9997
0.0001,35,10,0.0842,0.9997
0.0001,34,11,0.089829,0.9999
0.0001,32,13,0.098886,1.0
0.0001,33,12,0.093079,0.9999
0.0001,31,14,0.101246,1.0
0.0001,30,15,0.10462,1.0
0.0001,29,16,0.107043,1.0
0.0001,28,17,0.10779,1.0
0.0001,27,18,0.112129,1.0
0.0001,26,19,0.11258,1.0
0.0001,25,20,0.114068,1.0
0.0001,24,21,0.115516,1.0
0.0001,23,22,0.114934,1.0
0.0001,21,24,0.115085,1.0
0.0001,22,23,0.114726,1.0
0.0001,20,25,0.113923,1.0
0.0001,19,26,0.111686,1.0
0.0001,18,27,0.110142,1.0
0.0001,17,28,0.109019,1.0
0.0001,16,29,0.105918,0.9999
0.0001,15,30,0.102244,1.0
0.0001,14,31,0.100105,1.0
0.0001,12,33,0.092774,0.9999
0.0001,13,32,0.096546,1.0
0.0001,9,36,0.077888,0.9993
0.0001,10,35,0.082247,0.9998
0.0001,11,34,0.087375,1.0
0.0001,8,37,0.070986,0.999
0.0001,7,38,0.065025,0.9981
0.0001,6,39,0.057477,0.9971
0.0001,40,4,0.0437,0.9903
0.0001,5,40,0.049086,0.9941
0.0001,39,5,0.051292,0.9945
0.0001,38,6,0.058939,0.9982
0.0001,35,9,0.078266,0.9997
0.0001,37,7,0.065497,0.9983
0.0001,36,8,0.072057,0.9994
0.0001,34,10,0.08243,0.9996
0.0001,33,11,0.086546,0.9999
0.0001,31,13,0.094452,0.9999
0.0001,30,14,0.097723,1.0
0.0001,32,12,0.091504,0.9996
0.0001,29,15,0.102053,0.9999
0.0001,28,16,0.103487,1.0
0.0001,27,17,0.106241,1.0
0.0001,26,18,0.106777,1.0
0.0001,25,19,0.10882,1.0
0.0001,24,20,0.110443,1.0
0.0001,23,21,0.110795,1.0
0.0001,21,23,0.109669,1.0
0.0001,22,22,0.110215,1.0
0.0001,20,24,0.110199,1.0
0.0001,19,25,0.109271,1.0
0.0001,17,27,0.105771,1.0
0.0001,18,26,0.107299,1.0
0.0001,16,28,0.102781,0.9999
0.0001,14,30,0.096327,1.0
0.0001,15,29,0.100071,1.0
0.0001,13,31,0.093141,1.0
0.0001,12,32,0.089678,0.9999
0.0001,11,33,0.084822,0.9998
0.0001,10,34,0.080468,0.9998
0.0001,9,35,0.074868,0.9995
0.0001,8,36,0.069339,0.9994
0.0001,7,37,0.062603,0.9985
0.0001,6,38,0.056265,0.998
0.0001,5,39,0.048739,0.9933
0.0001,4,40,0.039877,0.9833
0.0001,40,3,0.034127,0.9703
0.0001,39,4,0.041582,0.9847
0.0001,37,6,0.057681,0.9968
0.0001,38,5,0.051208,0.9946
0.0001,36,7,0.064348,0.9993
0.0001,35,8,0.069843,0.9992
0.0001,34,9,0.074418,0.9996
0.0001,32,11,0.084521,1.0
0.0001,33,10,0.080235,1.0
0.0001,29,14,0.09564,1.0
0.0001,31,12,0.088495,1.0
0.0001,30,13,0.092807,1.0
0.0001,28,15,0.098374,1.0
0.0001,27,16,0.100754,0.9998
0.0001,25,18,0.104197,1.0
0.0001,26,17,0.102893,1.0
0.0001,24,19,0.10555,1.0
0.0001,22,21,0.105953,1.0
0.0001,21,22,0.106565,1.0
0.0001,23,20,0.105574,1.0
0.0001,19,24,0.104797,1.0
0.0001,20,23,0.104797,1.0
0.0001,18,25,0.103759,1.0
0.0001,17,26,0.101404,1.0
0.0001,16,27,0.10055,1.0
0.0001,13,30,0.090817,0.9999
0.0001,15,28,0.096848,1.0
0.0001,14,29,0.093909,1.0
0.0001,12,31,0.086884,0.9998
0.0001,11,32,0.082829,0.9999
0.0001,9,34,0.072303,0.9995
0.0001,10,33,0.078302,0.9994
0.0001,7,36,0.061069,0.998
0.0001,8,35,0.066988,0.9986
0.0001,6,37,0.054381,0.9958
0.0001,4,39,0.039267,0.9813
0.0001,3,40,0.031206,0.9588
0.0001,40,2,0.025128,0.9195
0.0001,39,3,0.033713,0.9679
0.0001,5,38,0.04626,0.9901
0.0001,38,4,0.042314,0.9863
0.0001,36,6,0.056183,0.997
0.0001,37,5,0.049491,0.9933
0.0001,35,7,0.06134,0.9982
0.0001,34,8,0.066938,0.9992
0.0001,33,9,0.073621,0.9997
0.0001,31,11,0.082254,1.0
0.0001,32,10,0.077932,0.9997
0.0001,30,12,0.086455,0.9999
0.0001,29,13,0.090037,0.9999
0.0001,28,14,0.092538,1.0
0.0001,27,15,0.095216,0.9999
0.0001,26,16,0.097925,1.0
0.0001,25,17,0.098859,0.9999
0.0001,24,18,0.100159,1.0
0.0001,23,19,0.101681,1.0
0.0001,22,20,0.102108,1.0
0.0001,21,21,0.102042,1.0
0.0001,20,22,0.101303,1.0
0.0001,19,23,0.100521,1.0
0.0001,18,24,0.099705,0.9999
0.0001,16,26,0.096647,1.0
0.0001,17,25,0.098353,1.0
0.0001,15,27,0.094099,1.0
0.0001,14,28,0.092002,1.0
0.0001,13,29,0.088458,1.0
0.0001,11,31,0.079854,0.9996
0.0001,10,32,0.076183,0.9999
0.0001,12,30,0.084996,0.9997
0.0001,8,34,0.065839,0.9992
0.0001,9,33,0.071289,0.9997
0.0001,6,36,0.053751,0.9966
0.0001,5,37,0.046315,0.9907
0.0001,7,35,0.059636,0.9986
0.0001,4,38,0.038124,0.9807
0.0001,3,39,0.030304,0.9517
0.0001,2,40,0.021591,0.8839
0.0001,40,1,0.016258,0.8035
0.0001,39,2,0.024813,0.9197
0.0001,38,3,0.033134,0.9643
0.0001,37,4,0.040126,0.9824
0.0001,36,5,0.047654,0.9941
0.0001,35,6,0.053339,0.9952
0.0001,34,7,0.060546,0.9976
0.0001,33,8,0.067206,0.9992
0.0001,31,10,0.074269,0.9997
0.0001,32,9,0.071447,0.9996
0.0001,30,11,0.080245,0.9999
0.0001,29,12,0.084266,0.9998
0.0001,28,13,0.087048,0.9998
0.0001,27,14,0.091191,0.9997
0.0001,26,15,0.091863,1.0
0.0001,25,16,0.093143,0.9999
0.0001,24,17,0.09664,1.0
0.0001,23,18,0.096408,1.0
0.0001,22,19,0.097332,1.0
0.0001,21,20,0.097613,0.9999
0.0001,20,21,0.097117,1.0
0.0001,19,22,0.097815,0.9999
0.0001,18,23,0.096361,1.0
0.0001,16,25,0.094171,0.9999
0.0001,17,24,0.092412,0.9999
0.0001,15,26,0.091416,1.0
0.0001,13,28,0.084987,1.0
0.0001,14,27,0.087971,0.9999
0.0001,12,29,0.082515,0.9999
0.0001,10,31,0.074348,0.9996
0.0001,11,30,0.079002,1.0
0.0001,9,32,0.069014,0.9992
0.0001,6,35,0.05177,0.9945
0.0001,8,33,0.063439,0.9986
0.0001,7,34,0.057694,0.9971
0.0001,4,37,0.037393,0.9792
0.0001,3,38,0.029596,0.9517
0.0001,39,1,0.015661,0.788
0.0001,5,36,0.044563,0.989
0.0001,1,40,0.011506,0.6854
0.0001,2,39,0.021033,0.8793
0.0001,38,2,0.024167,0.9183
0.0001,36,4,0.039689,0.9825
0.0001,37,3,0.03312,0.966
0.0001,35,5,0.045564,0.9911
0.0001,34,6,0.053049,0.9954
0.0001,31,9,0.069209,0.9994
0.0001,32,8,0.064805,0.9994
0.0001,33,7,0.059267,0.9981
0.0001,29,11,0.078473,0.9999
0.0001,30,10,0.072616,0.9994
0.0001,28,12,0.080761,0.9996
0.0001,27,13,0.083658,1.0
0.0001,25,15,0.088165,1.0
0.0001,24,16,0.091179,1.0
0.0001,26,14,0.085912,0.9997
0.0001,23,17,0.091199,0.9999
0.0001,21,19,0.093639,1.0
0.0001,22,18,0.093243,1.0
0.0001,20,20,0.094456,1.0
0.0001,19,21,0.092895,1.0
0.0001,18,22,0.092316,1.0
0.0001,17,23,0.092118,1.0
0.0001,16,24,0.090502,0.9998
0.0001,15,25,0.087524,0.9998
0.0001,13,27,0.083222,1.0
0.0001,12,28,0.080108,0.9999
0.0001,14,26,0.085987,1.0
0.0001,10,30,0.07149,0.9991
0.0001,11,29,0.075922,0.9998
0.0001,9,31,0.066544,0.9989
0.0001,8,32,0.062276,0.9987
0.0001,7,33,0.056448,0.996
0.0001,6,34,0.049847,0.9934
0.0001,4,36,0.036492,0.9763
0.0001,2,38,0.020244,0.868
0.0001,5,35,0.044046,0.9893
0.0001,3,37,0.028365,0.9419
0.0001,1,39,0.011446,0.6813
0.0001,38,1,0.016331,0.8012
0.0001,37,2,0.023281,0.9086
0.0001,36,3,0.031107,0.9575
0.0001,35,4,0.039252,0.978
0.0001,33,6,0.051323,0.9942
0.0001,34,5,0.04512,0.9905
0.0001,32,7,0.057595,0.9969
0.0001,30,9,0.066654,0.9993
0.0001,31,8,0.062842,0.9988
0.0001,29,10,0.071061,0.9992
0.0001,28,11,0.075648,0.999
0.0001,27,12,0.07848,0.9995
0.0001,26,13,0.081374,1.0
0.0001,25,14,0.082635,0.9998
0.0001,22,17,0.088088,0.9999
0.0001,24,15,0.085307,0.9998
0.0001,23,16,0.08711,1.0
0.0001,21,18,0.089074,0.9999
0.0001,20,19,0.088879,0.9999
0.0001,17,22,0.088165,0.9997
0.0001,18,21,0.088812,0.9999
0.0001,19,20,0.089125,0.9999
0.0001,16,23,0.086231,0.9997
0.0001,15,24,0.084552,0.9999
0.0001,14,25,0.083196,0.9997
0.0001,13,26,0.080413,0.9999
0.0001,12,27,0.077271,0.9997
0.0001,11,28,0.072743,0.9995
0.0001,10,29,0.070039,0.9998
0.0001,9,30,0.064323,0.9988
0.0001,7,32,0.054299,0.9966
0.0001,8,31,0.060532,0.9987
0.0001,6,33,0.049104,0.9936
0.0001,3,36,0.027955,0.943
0.0001,5,34,0.04235,0.9867
0.0001,2,37,0.01955,0.8667
0.0001,4,35,0.035551,0.9708
0.0001,1,38,0.011278,0.6787
0.0001,36,2,0.02313,0.9041
0.0001,37,1,0.015736,0.7963
0.0001,35,3,0.030038,0.9561
0.0001,34,4,0.037649,0.9779
0.0001,31,7,0.055449,0.9968
0.0001,33,5,0.044702,0.9886
0.0001,32,6,0.049123,0.9931
0.0001,30,8,0.060714,0.9984
0.0001,29,9,0.065348,0.9993
0.0001,28,10,0.068949,0.9993
0.0001,27,11,0.071369,0.9993
0.0001,26,12,0.075877,0.9995
0.0001,24,14,0.080216,0.9998
0.0001,25,13,0.078234,0.9997
0.0001,23,15,0.081985,0.9997
0.0001,22,16,0.083299,0.9998
0.0001,21,17,0.085153,0.9999
0.0001,19,19,0.085859,0.9999
0.0001,20,18,0.08577,0.9999
0.0001,18,20,0.084923,0.9998
0.0001,17,21,0.084003,0.9999
0.0001,15,23,0.082027,1.0
0.0001,16,22,0.083606,1.0
0.0001,14,24,0.078777,0.9999
0.0001,13,25,0.076793,0.9994
0.0001,12,26,0.074486,0.9995
0.0001,11,27,0.071859,0.9989
0.0001,10,28,0.067118,0.9989
0.0001,8,30,0.059151,0.9969
0.0001,9,29,0.063524,0.999
0.0001,7,31,0.052502,0.9952
0.0001,5,33,0.041481,0.9861
0.0001,6,32,0.04745,0.9917
0.0001,4,34,0.034487,0.9712
0.0001,3,35,0.027376,0.94
0.0001,2,36,0.019191,0.8513
0.0001,36,1,0.014942,0.7822
0.0001,1,37,0.010746,0.6587
0.0001,35,2,0.022339,0.8944
0.0001,34,3,0.029592,0.9489
0.0001,33,4,0.036149,0.976
0.0001,32,5,0.042564,0.9853
0.0001,30,7,0.053346,0.9953
0.0001,31,6,0.047821,0.9941
0.0001,29,8,0.058256,0.9972
0.0001,28,9,0.062784,0.9983
0.0001,26,11,0.070407,0.9995
0.0001,27,10,0.065993,0.9988
0.0001,25,12,0.073474,0.9998
0.0001,24,13,0.0753,0.9999
0.0001,23,14,0.077689,0.9993
0.0001,22,15,0.079235,0.9998
0.0001,21,16,0.080059,0.9997
0.0001,20,17,0.080888,0.9997
0.0001,18,19,0.081533,0.9996
0.0001,16,21,0.079646,0.9998
0.0001,19,18,0.0811,0.9998
0.0001,17,20,0.080364,0.9998
0.0001,15,22,0.078284,0.9997
0.0001,14,23,0.077153,0.9997
0.0001,13,24,0.075238,0.9999
0.0001,12,25,0.071266,0.9996
0.0001,11,26,0.068755,0.9992
0.0001,10,27,0.064927,0.9978
0.0001,8,29,0.056357,0.9976
0.0001,9,28,0.061069,0.9985
0.0001,6,31,0.046401,0.9929
0.0001,7,30,0.05157,0.9949
0.0001,5,32,0.040749,0.9846
0.0001,3,34,0.026433,0.9317
0.0001,2,35,0.018743,0.8477
0.0001,4,33,0.033246,0.9645
0.0001,1,36,0.010539,0.6496
0.0001,35,1,0.0146,0.7711
0.0001,34,2,0.022181,0.8955
0.0001,33,3,0.028195,0.94
0.0001,32,4,0.035214,0.973
0.0001,30,6,0.046565,0.9897
0.0001,31,5,0.041821,0.988
0.0001,29,7,0.052695,0.9961
0.0001,28,8,0.055724,0.9965
0.0001,27,9,0.060843,0.9985
0.0001,26,10,0.064101,0.999
0.0001,25,11,0.067982,0.999
0.0001,23,13,0.072587,0.9998
0.0001,24,12,0.070572,0.9993
0.0001,22,14,0.073479,0.9995
0.0001,21,15,0.075688,0.9996
0.0001,20,16,0.076134,0.9996
0.0001,18,18,0.077814,0.9997
0.0001,19,17,0.077995,0.9995
0.0001,17,19,0.077301,0.9997
0.0001,14,22,0.073849,0.9993
0.0001,16,20,0.075704,0.9994
0.0001,15,21,0.074412,0.999
0.0001,13,23,0.07176,0.999
0.0001,12,24,0.068861,0.9986
0.0001,11,25,0.066562,0.9993
0.0001,8,28,0.055264,0.9955
0.0001,10,26,0.063243,0.9981
0.0001,9,27,0.059497,0.9975
0.0001,7,29,0.050579,0.9933
0.0001,6,30,0.044807,0.9907
0.0001,5,31,0.039223,0.9817
0.0001,4,32,0.031906,0.9607
0.0001,2,34,0.018582,0.8475
0.0001,3,33,0.02589,0.9272
0.0001,1,35,0.010312,0.6445
0.0001,33,2,0.021742,0.8883
0.0001,34,1,0.014225,0.7607
0.0001,30,5,0.040102,0.9839
0.0001,32,3,0.027976,0.9447
0.0001,31,4,0.035316,0.9725
0.0001,29,6,0.045149,0.9903
0.0001,28,7,0.049869,0.994
0.0001,26,9,0.058504,0.9976
0.0001,27,8,0.053952,0.9951
0.0001,25,10,0.061873,0.9983
0.0001,23,12,0.068427,0.9992
0.0001,24,11,0.064947,0.999
0.0001,22,13,0.070123,0.9993
0.0001,21,14,0.0706,0.9993
0.0001,20,15,0.07286,0.9994
0.0001,18,17,0.073398,0.9994
0.0001,19,16,0.072894,0.9997
0.0001,17,18,0.074116,0.9994
0.0001,14,21,0.070514,0.9997
0.0001,15,20,0.07207,0.999
0.0001,16,19,0.072205,0.9994
0.0001,13,22,0.068332,0.9994
0.0001,12,23,0.067056,0.9992
0.0001,11,24,0.063565,0.9988
0.0001,9,26,0.056846,0.9974
0.0001,10,25,0.061001,0.9978
0.0001,8,27,0.052532,0.993
0.0001,7,28,0.047955,0.9927
0.0001,6,29,0.043595,0.9887
0.0001,5,30,0.037317,0.9793
0.0001,4,31,0.03129,0.9603
0.0001,2,33,0.017824,0.8315
0.0001,3,32,0.024788,0.9184
0.0001,1,34,0.010013,0.6335
0.0001,33,1,0.013918,0.7562
0.0001,32,2,0.019762,0.8613
0.0001,31,3,0.02639,0.9307
0.0001,30,4,0.032784,0.9653
0.0001,28,6,0.044413,0.989
0.0001,29,5,0.038695,0.9814
0.0001,25,9,0.056384,0.9968
0.0001,27,7,0.048666,0.9933
0.0001,26,8,0.052662,0.9952
0.0001,23,11,0.062957,0.9985
0.0001,24,10,0.060088,0.9975
0.0001,22,12,0.065652,0.999
0.0001,20,14,0.067965,0.9995
0.0001,21,13,0.067296,0.9988
0.0001,19,15,0.068554,0.9994
0.0001,17,17,0.06995,0.9989
0.0001,18,16,0.070081,0.9989
0.0001,16,18,0.069262,0.999
0.0001,14,20,0.067338,0.9988
0.0001,15,19,0.069075,0.9995
0.0001,13,21,0.066118,0.9995
0.0001,12,22,0.064663,0.9981
0.0001,11,23,0.061411,0.9981
0.0001,9,25,0.055271,0.9962
0.0001,10,24,0.057938,0.9977
0.0001,8,26,0.051139,0.9944
0.0001,5,29,0.03668,0.9763
0.0001,6,28,0.042438,0.9871
0.0001,7,27,0.046868,0.9921
0.0001,3,31,0.024364,0.9101
0.0001,4,30,0.03098,0.9587
0.0001,2,32,0.017676,0.8349
0.0001,32,1,0.013486,0.7417
0.0001,1,33,0.009538,0.6168
0.0001,31,2,0.019122,0.8547
0.0001,30,3,0.027163,0.939
0.0001,29,4,0.032175,0.9636
0.0001,27,6,0.043451,0.9884
0.0001,24,9,0.055005,0.9965
0.0001,28,5,0.038126,0.9783
0.0001,26,7,0.04633,0.9912
0.0001,25,8,0.051153,0.9948
0.0001,23,10,0.057395,0.9978
0.0001,22,11,0.061045,0.9983
0.0001,21,12,0.061342,0.9981
0.0001,19,14,0.06483,0.9989
0.0001,20,13,0.063833,0.9988
0.0001,18,15,0.066144,0.9991
0.0001,17,16,0.065432,0.9991
0.0001,16,17,0.065445,0.9992
0.0001,14,19,0.064824,0.9992
0.0001,15,18,0.065949,0.9989
0.0001,13,20,0.063726,0.999
0.0001,12,21,0.060978,0.9986
0.0001,10,23,0.056497,0.9973
0.0001,11,22,0.059151,0.9979
0.0001,9,24,0.052586,0.9951
0.0001,8,25,0.049186,0.9931
0.0001,6,27,0.040951,0.984
0.0001,7,26,0.04518,0.9917
0.0001,3,30,0.023527,0.9049
0.0001,5,28,0.035308,0.9712
0.0001,4,29,0.029399,0.9498
0.0001,2,31,0.017006,0.8173
0.0001,31,1,0.012696,0.7192
0.0001,1,32,0.009332,0.6079
0.0001,30,2,0.018647,0.8466
0.0001,28,4,0.031246,0.9554
0.0001,29,3,0.024937,0.9196
0.0001,26,6,0.040872,0.9838
0.0001,27,5,0.035825,0.9746
0.0001,25,7,0.045492,0.9906
0.0001,24,8,0.049301,0.9943
0.0001,22,10,0.054849,0.9955
0.0001,23,9,0.052633,0.9956
0.0001,21,11,0.057995,0.9977
0.0001,20,12,0.059674,0.998
0.0001,19,13,0.061046,0.9981
0.0001,18,14,0.062228,0.9982
0.0001,16,16,0.061549,0.9986
0.0001,17,15,0.061916,0.9983
0.0001,14,18,0.062064,0.999
0.0001,15,17,0.063114,0.998
0.0001,11,21,0.056838,0.9966
0.0001,13,19,0.060198,0.9978
0.0001,12,20,0.058348,0.9982
0.0001,10,22,0.053582,0.9963
0.0001,9,23,0.050379,0.9943
0.0001,8,24,0.047212,0.9904
0.0001,7,25,0.043431,0.9908
0.0001,6,26,0.0393,0.9831
0.0001,4,28,0.029264,0.9445
0.0001,3,29,0.022421,0.8987
0.0001,30,1,0.012468,0.7169
0.0001,5,27,0.034348,0.966
0.0001,2,30,0.016487,0.812
0.0001,1,31,0.009098,0.5961
0.0001,29,2,0.018197,0.8472
0.0001,28,3,0.024479,0.9181
0.0001,24,7,0.043972,0.9883
0.0001,27,4,0.030454,0.9531
0.0001,25,6,0.039919,0.982
0.0001,23,8,0.046733,0.9926
0.0001,26,5,0.035725,0.9747
0.0001,19,12,0.056585,0.9966
0.0001,22,9,0.04956,0.9937
0.0001,21,10,0.052646,0.9956
0.0001,20,11,0.054746,0.9969
0.0001,18,13,0.058295,0.9974
0.0001,17,14,0.05853,0.9975
0.0001,16,15,0.059205,0.9978
0.0001,15,16,0.05884,0.9984
0.0001,13,18,0.057035,0.9977
0.0001,14,17,0.058034,0.9971
0.0001,12,19,0.056059,0.9965
0.0001,11,20,0.054148,0.9965
0.0001,10,21,0.052008,0.9951
0.0001,9,22,0.049361,0.9937
0.0001,6,25,0.037896,0.9792
0.0001,8,23,0.045775,0.9919
0.0001,7,24,0.041413,0.9851
0.0001,5,26,0.033228,0.9645
0.0001,4,27,0.028059,0.9408
0.0001,3,28,0.02185,0.8895
0.0001,2,29,0.015723,0.7941
0.0001,1,30,0.008983,0.5931
0.0001,29,1,0.011993,0.7053
0.0001,28,2,0.018181,0.8431
0.0001,27,3,0.024212,0.9121
0.0001,26,4,0.029249,0.9474
0.0001,25,5,0.034127,0.9691
0.0001,24,6,0.038475,0.9792
0.0001,23,7,0.041737,0.9846
0.0001,22,8,0.045483,0.9889
0.0001,21,9,0.048339,0.9929
0.0001,20,10,0.050581,0.9942
0.0001,19,11,0.051987,0.9958
0.0001,17,13,0.054525,0.9958
0.0001,15,15,0.055994,0.9965
0.0001,18,12,0.053031,0.9956
0.0001,16,14,0.055199,0.9963
0.0001,14,16,0.055151,0.9955
0.0001,12,18,0.053458,0.9959
0.0001,13,17,0.054648,0.9967
0.0001,10,20,0.049053,0.9932
0.0001,11,19,0.050934,0.9951
0.0001,7,23,0.040158,0.9823
0.0001,9,21,0.046767,0.991
0.0001,8,22,0.043276,0.9902
0.0001,5,25,0.031085,0.9576
0.0001,4,26,0.026692,0.9354
0.0001,6,24,0.036021,0.9733
0.0001,3,27,0.021354,0.8841
0.0001,2,28,0.015223,0.7848
0.0001,1,29,0.008493,0.569
0.0001,26,3,0.023198,0.9048
0.0001,28,1,0.011594,0.6869
0.0001,27,2,0.01776,0.8353
0.0001,24,5,0.032098,0.9565
0.0001,25,4,0.027114,0.938
0.0001,23,6,0.035794,0.9755
0.0001,21,8,0.043636,0.9866
0.0001,22,7,0.03977,0.984
0.0001,19,10,0.047701,0.9917
0.0001,16,13,0.052041,0.9953
0.0001,18,11,0.049008,0.9928
0.0001,20,9,0.046486,0.9913
0.0001,17,12,0.050868,0.9948
0.0001,15,14,0.052121,0.9956
0.0001,14,15,0.052372,0.9946
0.0001,13,16,0.051645,0.9952
0.0001,12,17,0.050944,0.9949
0.0001,11,18,0.049064,0.9943
0.0001,9,20,0.045117,0.9885
0.0001,8,21,0.042582,0.9874
0.0001,10,19,0.047548,0.9928
0.0001,7,22,0.038855,0.9791
0.0001,6,23,0.035037,0.9694
0.0001,5,24,0.030557,0.9499
0.0001,4,25,0.025974,0.9284
0.0001,2,27,0.014789,0.7746
0.0001,3,26,0.020375,0.8772
0.0001,27,1,0.010765,0.6685
0.0001,1,28,0.008134,0.5576
0.0001,26,2,0.016605,0.8154
0.0001,23,5,0.030549,0.9534
0.0001,25,3,0.022378,0.8923
0.0001,24,4,0.026952,0.9356
0.0001,21,7,0.038453,0.9777
0.0001,22,6,0.03545,0.9731
0.0001,20,8,0.041076,0.9843
0.0001,17,11,0.047619,0.9925
0.0001,19,9,0.043424,0.9875
0.0001,18,10,0.046015,0.9891
0.0001,16,12,0.048259,0.9928
0.0001,13,15,0.048507,0.9935
0.0001,14,14,0.048414,0.9939
0.0001,15,13,0.048971,0.9936
0.0001,12,16,0.047447,0.9931
0.0001,11,17,0.046459,0.9905
0.0001,10,18,0.045161,0.9904
0.0001,9,19,0.042814,0.9865
0.0001,8,20,0.04028,0.9839
0.0001,6,22,0.033295,0.9662
0.0001,7,21,0.036944,0.9785
0.0001,5,23,0.029127,0.9483
0.0001,4,24,0.024685,0.9131
0.0001,2,26,0.014411,0.7624
0.0001,25,2,0.01644,0.8085
0.0001,3,25,0.019924,0.8718
0.0001,1,27,0.008125,0.5536
0.0001,26,1,0.010952,0.6665
0.0001,24,3,0.021884,0.8921
0.0001,23,4,0.025577,0.9237
0.0001,22,5,0.029889,0.9532
0.0001,21,6,0.033636,0.9677
0.0001,16,11,0.044136,0.9892
0.0001,20,7,0.036839,0.9772
0.0001,18,9,0.041554,0.9846
0.0001,19,8,0.038502,0.9803
0.0001,17,10,0.043195,0.989
0.0001,15,12,0.045456,0.9887
0.0001,14,13,0.046129,0.9897
0.0001,13,14,0.045614,0.9913
0.0001,12,15,0.045129,0.9903
0.0001,11,16,0.043977,0.9883
0.0001,10,17,0.043225,0.9879
0.0001,9,18,0.040695,0.9838
0.0001,7,20,0.035027,0.9745
0.0001,8,19,0.038337,0.9813
0.0001,4,23,0.023487,0.9118
0.0001,6,21,0.031375,0.9611
0.0001,5,22,0.027812,0.9387
0.0001,2,25,0.013253,0.737
0.0001,3,24,0.018861,0.8497
0.0001,24,2,0.015614,0.7945
0.0001,1,26,0.007828,0.5458
0.0001,25,1,0.009587,0.6155
0.0001,20,6,0.031451,0.9571
0.0001,22,4,0.024442,0.9152
0.0001,23,3,0.020688,0.878
0.0001,21,5,0.028058,0.9439
0.0001,19,7,0.034712,0.9688
0.0001,17,9,0.039466,0.9824
0.0001,18,8,0.037411,0.9792
0.0001,14,12,0.042334,0.9862
0.0001,16,10,0.04099,0.9858
0.0001,15,11,0.040735,0.9849
0.0001,12,14,0.040804,0.9845
0.0001,11,15,0.041208,0.9844
0.0001,13,13,0.04216,0.9872
0.0001,10,16,0.040958,0.9834
0.0001,9,17,0.038453,0.9796
0.0001,8,18,0.036505,0.9771
0.0001,3,23,0.017843,0.8333
0.0001,7,19,0.033724,0.968
0.0001,5,21,0.027182,0.9341
0.0001,6,20,0.030731,0.9595
0.0001,4,22,0.022733,0.9026
0.0001,1,25,0.007509,0.5292
0.0001,2,24,0.013192,0.7387
0.0001,24,1,0.009302,0.6089
0.0001,22,3,0.019583,0.8584
0.0001,21,4,0.023349,0.9033
0.0001,23,2,0.01501,0.7801
0.0001,20,5,0.027532,0.9383
0.0001,19,6,0.030725,0.9545
0.0001,18,7,0.032879,0.966
0.0001,17,8,0.035317,0.9734
0.0001,16,9,0.037387,0.9783
0.0001,15,10,0.038173,0.9797
0.0001,12,13,0.039213,0.9823
0.0001,14,11,0.039714,0.983
0.0001,13,12,0.040036,0.9832
0.0001,11,14,0.038969,0.9815
0.0001,10,15,0.038132,0.9783
0.0001,7,18,0.032054,0.9586
0.0001,9,16,0.036357,0.9769
0.0001,8,17,0.034652,0.9716
0.0001,3,22,0.017561,0.8289
0.0001,6,19,0.029314,0.9494
0.0001,4,21,0.021927,0.8903
0.0001,5,20,0.026101,0.9317
0.0001,2,23,0.01284,0.729
0.0001,1,24,0.007001,0.5017
0.0001,23,1,0.009622,0.6228
0.0001,22,2,0.014333,0.7595
0.0001,21,3,0.018768,0.8502
0.0001,20,4,0.022544,0.8964
0.0001,19,5,0.025235,0.9243
0.0001,18,6,0.028824,0.9465
0.0001,16,8,0.033843,0.9686
0.0001,17,7,0.031019,0.9538
0.0001,14,10,0.036676,0.9769
0.0001,15,9,0.035797,0.9727
0.0001,13,11,0.03628,0.975
0.0001,11,13,0.036007,0.9732
0.0001,12,12,0.036445,0.9773
0.0001,9,15,0.034471,0.9689
0.0001,10,14,0.034996,0.9698
0.0001,8,16,0.032762,0.9635
0.0001,7,17,0.029737,0.9501
0.0001,6,18,0.028016,0.9447
0.0001,5,19,0.024517,0.9162
0.0001,4,20,0.020994,0.8831
0.0001,3,21,0.016712,0.8113
0.0001,2,22,0.01209,0.706
0.0001,1,23,0.006854,0.4959
0.0001,22,1,0.009409,0.6068
0.0001,21,2,0.01288,0.7333
0.0001,20,3,0.017723,0.8355
0.0001,19,4,0.02161,0.8882
0.0001,18,5,0.024564,0.9171
0.0001,13,10,0.033418,0.9648
0.0001,17,6,0.0279,0.9378
0.0001,15,8,0.031312,0.9576
0.0001,16,7,0.029653,0.9474
0.0001,12,11,0.034682,0.9735
0.0001,14,9,0.031946,0.9612
0.0001,10,13,0.033131,0.9639
0.0001,11,12,0.034142,0.9707
0.0001,9,14,0.032314,0.9623
0.0001,8,15,0.030813,0.9543
0.0001,4,19,0.01999,0.8689
0.0001,7,16,0.028405,0.9412
0.0001,6,17,0.026745,0.93
0.0001,5,18,0.023644,0.9058
0.0001,3,20,0.015802,0.799
0.0001,2,21,0.011395,0.683
0.0001,19,3,0.017252,0.8228
0.0001,21,1,0.008645,0.5784
0.0001,1,22,0.006542,0.4824
0.0001,20,2,0.012613,0.7198
0.0001,17,5,0.023331,0.9038
0.0001,18,4,0.020183,0.867
0.0001,16,6,0.025542,0.9235
0.0001,13,9,0.030478,0.9556
0.0001,15,7,0.0277,0.9387
0.0001,14,8,0.02991,0.9548
0.0001,11,11,0.030183,0.9575
0.0001,12,10,0.030911,0.959
0.0001,10,12,0.030868,0.9556
0.0001,9,13,0.03029,0.9528
0.0001,8,14,0.028923,0.9467
0.0001,7,15,0.026758,0.9302
0.0001,5,17,0.021604,0.8847
0.0001,6,16,0.025013,0.9161
0.0001,3,19,0.014808,0.7735
0.0001,4,18,0.018991,0.8498
0.0001,2,20,0.010995,0.6693
0.0001,19,2,0.012727,0.7209
0.0001,1,21,0.005894,0.4476
0.0001,18,3,0.015338,0.7901
0.0001,20,1,0.008603,0.5803
0.0001,16,5,0.021855,0.8932
0.0001,17,4,0.019112,0.8554
0.0001,15,6,0.024173,0.9134
0.0001,14,7,0.026305,0.9323
0.0001,12,9,0.028251,0.9454
0.0001,13,8,0.027509,0.9407
0.0001,11,10,0.028458,0.9423
0.0001,9,12,0.028039,0.9426
0.0001,8,13,0.026958,0.9328
0.0001,10,11,0.028871,0.9429
0.0001,4,17,0.017852,0.8337
0.0001,7,14,0.024608,0.9161
0.0001,5,16,0.020884,0.8802
0.0001,1,20,0.00589,0.447
0.0001,6,15,0.023653,0.9068
0.0001,3,18,0.014561,0.7679
0.0001,2,19,0.010529,0.6511
0.0001,19,1,0.007831,0.5423
0.0001,18,2,0.012004,0.6998
0.0001,17,3,0.015098,0.7849
0.0001,16,4,0.017984,0.8409
0.0001,14,6,0.022005,0.8905
0.0001,15,5,0.020838,0.8789
0.0001,12,8,0.024953,0.922
0.0001,13,7,0.024464,0.9131
0.0001,10,10,0.024956,0.918
0.0001,11,9,0.026201,0.9303
0.0001,9,11,0.025867,0.9275
0.0001,8,12,0.025379,0.9228
0.0001,7,13,0.02323,0.9051
0.0001,6,14,0.021395,0.8846
0.0001,3,17,0.013857,0.7511
0.0001,5,15,0.019428,0.8611
0.0001,18,1,0.00733,0.5212
0.0001,4,16,0.016664,0.8153
0.0001,2,18,0.009758,0.622
0.0001,16,3,0.014329,0.7612
0.0001,1,19,0.005664,0.435
0.0001,17,2,0.010192,0.6413
0.0001,15,4,0.016805,0.816
0.0001,13,6,0.020908,0.8752
0.0001,14,5,0.018425,0.8394
0.0001,9,10,0.023255,0.8988
0.0001,7,12,0.021328,0.8897
0.0001,11,8,0.023724,0.9062
0.0001,12,7,0.022198,0.8926
0.0001,10,9,0.023093,0.8986
0.0001,8,11,0.023157,0.9009
0.0001,4,15,0.015745,0.8003
0.0001,6,13,0.020603,0.8712
0.0001,5,14,0.017727,0.833
0.0001,3,16,0.012895,0.7294
0.0001,2,17,0.009259,0.6063
0.0001,17,1,0.00701,0.5048
0.0001,1,18,0.005604,0.4291
0.0001,15,3,0.013722,0.7509
0.0001,16,2,0.010668,0.6582
0.0001,14,4,0.01581,0.7918
0.0001,12,6,0.019503,0.8641
0.0001,13,5,0.017499,0.8335
0.0001,9,9,0.021647,0.893
0.0001,8,10,0.021129,0.8829
0.0001,11,7,0.020008,0.8686
0.0001,10,8,0.021029,0.8807
0.0001,6,12,0.018915,0.8535
0.0001,7,11,0.020274,0.8657
0.0001,4,14,0.014935,0.7781
0.0001,5,13,0.017207,0.8233
0.0001,3,15,0.012274,0.7149
0.0001,15,2,0.009061,0.5971
0.0001,2,16,0.008957,0.5929
0.0001,1,17,0.004864,0.3887
0.0001,16,1,0.006756,0.4951
0.0001,13,4,0.014468,0.7652
0.0001,12,5,0.017154,0.8187
0.0001,14,3,0.012446,0.7145
0.0001,8,9,0.019461,0.8609
0.0001,11,6,0.017903,0.8351
0.0001,9,8,0.017923,0.8426
0.0001,10,7,0.01798,0.8371
0.0001,7,10,0.018613,0.8494
0.0001,6,11,0.017661,0.8306
0.0001,5,12,0.01577,0.797
0.0001,4,13,0.014044,0.7558
0.0001,3,14,0.011379,0.6738
0.0001,13,3,0.011597,0.6885
0.0001,2,15,0.008336,0.5642
0.0001,1,16,0.004668,0.3725
0.0001,14,2,0.008777,0.581
0.0001,15,1,0.006297,0.4627
0.0001,11,5,0.015501,0.7879
0.0001,9,7,0.017259,0.827
0.0001,12,4,0.013274,0.7377
0.0001,10,6,0.015515,0.7872
0.0001,6,10,0.016192,0.8077
0.0001,5,11,0.014088,0.7634
0.0001,8,8,0.016978,0.82
0.0001,7,9,0.016539,0.8038
0.0001,4,12,0.012483,0.7176
0.0001,14,1,0.005529,0.4259
0.0001,3,13,0.010251,0.6449
0.0001,2,14,0.007777,0.5405
0.0001,1,15,0.004528,0.3639
0.0001,13,2,0.008558,0.5751
0.0001,11,4,0.012645,0.725
0.0001,12,3,0.010299,0.6496
0.0001,10,5,0.013406,0.7399
0.0001,9,6,0.0144,0.7632
0.0001,8,7,0.015386,0.7886
0.0001,7,8,0.014998,0.7804
0.0001,4,11,0.01167,0.6859
0.0001,6,9,0.014174,0.7565
0.0001,5,10,0.01356,0.7433
0.0001,1,14,0.004208,0.3453
0.0001,3,12,0.009346,0.6072
0.0001,2,13,0.007253,0.5173
0.0001,10,4,0.011683,0.6926
0.0001,12,2,0.007837,0.5443
0.0001,13,1,0.00519,0.4018
0.0001,11,3,0.009803,0.6271
0.0001,9,5,0.012231,0.7162
0.0001,7,7,0.01323,0.7339
0.0001,6,8,0.0129,0.727
0.0001,5,9,0.012136,0.7026
0.0001,2,12,0.006659,0.4889
0.0001,4,10,0.010924,0.6669
0.0001,1,13,0.0039,0.3247
0.0001,8,6,0.012649,0.72
0.0001,11,2,0.007012,0.5038
0.0001,3,11,0.008211,0.5645
0.0001,12,1,0.004991,0.3903
0.0001,10,3,0.008877,0.5902
0.0001,9,4,0.010018,0.6359
0.0001,7,6,0.011663,0.6901
0.0001,8,5,0.010361,0.6498
0.0001,6,7,0.011405,0.6829
0.0001,2,11,0.006041,0.4531
0.0001,5,8,0.010706,0.6626
0.0001,4,9,0.009741,0.6193
0.0001,3,10,0.00838,0.5704
0.0001,1,12,0.003637,0.3055
0.0001,7,5,0.009799,0.6262
0.0001,11,1,0.00481,0.3809
0.0001,9,3,0.007949,0.5514
0.0001,6,6,0.010047,0.639
0.0001,4,8,0.008282,0.5662
0.0001,10,2,0.006433,0.4776
0.0001,8,4,0.009305,0.6052
0.0001,5,7,0.009757,0.6227
0.0001,3,9,0.007439,0.5227
0.0001,10,1,0.00408,0.3328
0.0001,6,5,0.008678,0.5813
0.0001,2,10,0.005442,0.4192
0.0001,1,11,0.003361,0.2815
0.0001,8,3,0.007424,0.524
0.0001,9,2,0.006178,0.4604
0.0001,7,4,0.007802,0.5389
0.0001,1,10,0.002981,0.2578
0.0001,4,7,0.00756,0.5383
0.0001,5,6,0.008476,0.5709
0.0001,5,5,0.007019,0.5059
0.0001,3,8,0.006644,0.4875
0.0001,9,1,0.003618,0.3038
0.0001,2,9,0.005086,0.3974
0.0001,7,3,0.006568,0.4847
0.0001,8,2,0.004743,0.3747
0.0001,4,6,0.007009,0.5002
0.0001,6,4,0.006799,0.4939
0.0001,2,8,0.004598,0.3676
0.0001,1,9,0.002605,0.2298
0.0001,3,7,0.005769,0.4445
0.0001,8,1,0.003306,0.2801
0.0001,4,5,0.005501,0.422
0.0001,6,3,0.005618,0.4302
0.0001,7,2,0.004309,0.3465
0.0001,5,4,0.005787,0.4393
0.0001,3,6,0.004851,0.384
0.0001,6,2,0.003654,0.3073
0.0001,2,7,0.003986,0.3279
0.0001,1,8,0.002534,0.2264
0.0001,7,1,0.002902,0.2496
0.0001,4,4,0.00463,0.3719
0.0001,5,2,0.003363,0.2884
0.0001,5,3,0.004371,0.355
0.0001,3,5,0.004435,0.36
0.0001,3,4,0.003722,0.3068
0.0001,2,6,0.003199,0.2731
0.0001,1,7,0.002206,0.198
0.0001,6,1,0.002258,0.2028
0.0001,3,3,0.002773,0.2425
0.0001,2,5,0.002377,0.2121
0.0001,1,5,0.001456,0.136
0.0001,4,3,0.003937,0.327
0.0001,1,6,0.001773,0.16
0.0001,4,2,0.002737,0.2429
0.0001,5,1,0.001853,0.169
0.0001,2,4,0.00239,0.2116
0.0001,1,2,0.000794,0.0763
0.0001,4,1,0.001755,0.1606
0.0001,3,2,0.001875,0.1692
0.0001,1,4,0.00136,0.1271
0.0001,2,3,0.001848,0.1676
0.0001,3,1,0.001403,0.1316
0.0001,2,1,0.000938,0.0892
0.0001,2,2,0.001354,0.126
0.0001,1,1,0.000455,0.0449
0.0001,1,3,0.001055,0.1005
