p_ent,width,depth,p_failed_round,p_false_reject,n_fail,n_rounds
0.0002,39,38,0.79114,1.0,79114,100000
0.0002,38,39,0.79109,1.0,79109,100000
0.0002,38,40,0.799,1.0,79900,100000
0.0002,39,39,0.79728,1.0,79728,100000
0.0002,40,38,0.80063,1.0,80063,100000
0.0002,39,40,0.80886,1.0,80886,100000
0.0002,40,39,0.80942,1.0,80942,100000
0.0002,40,37,0.79095,1.0,79095,100000
0.0002,38,38,0.78337,1.0,78337,100000
0.0002,39,37,0.78345,1.0,78345,100000
0.0002,37,39,0.78092,1.0,78092,100000
0.0002,37,40,0.79117,1.0,79117,100000
0.0002,36,40,0.78343,1.0,78343,100000
0.0002,40,36,0.7825,1.0,78250,100000
0.0002,38,37,0.77409,1.0,77409,100000
0.0002,40,40,0.81573,1.0,81573,100000
0.0002,37,38,0.77156,1.0,77156,100000
0.0002,40,35,0.77285,1.0,77285,100000
0.0002,39,36,0.77325,1.0,77325,100000
0.0002,36,39,0.77621,1.0,77621,100000
0.0002,37,37,0.76652,1.0,76652,100000
0.0002,35,40,0.77219,1.0,77219,100000
0.0002,38,36,0.76572,1.0,76572,100000
0.0002,36,38,0.76381,1.0,76381,100000
0.0002,35,39,0.76427,1.0,76427,100000
0.0002,39,35,0.76309,1.0,76309,100000
0.0002,40,34,0.7609,1.0,76090,100000
0.0002,34,40,0.76211,1.0,76211,100000
0.0002,37,36,0.75421,1.0,75421,100000
0.0002,36,37,0.7567,1.0,75670,100000
0.0002,38,35,0.75469,1.0,75469,100000
0.0002,39,34,0.7551,1.0,75510,100000
0.0002,35,38,0.75401,1.0,75401,100000
0.0002,34,39,0.75209,1.0,75209,100000
0.0002,40,33,0.75503,1.0,75503,100000
0.0002,36,36,0.74443,1.0,74443,100000
0.0002,33,40,0.75194,1.0,75194,100000
0.0002,37,35,0.74749,1.0,74749,100000
0.0002,35,37,0.7468,1.0,74680,100000
0.0002,38,34,0.74646,1.0,74646,100000
0.0002,34,38,0.74333,1.0,74333,100000
0.0002,39,33,0.74202,1.0,74202,100000
0.0002,32,40,0.74468,1.0,74468,100000
0.0002,33,39,0.74194,1.0,74194,100000
0.0002,40,32,0.74103,1.0,74103,100000
0.0002,36,35,0.73532,1.0,73532,100000
0.0002,37,34,0.73657,1.0,73657,100000
0.0002,35,36,0.7377,1.0,73770,100000
0.0002,38,33,0.7343,1.0,73430,100000
0.0002,34,37,0.73494,1.0,73494,100000
0.0002,33,38,0.73433,1.0,73433,100000
0.0002,39,32,0.73386,1.0,73386,100000
0.0002,32,39,0.73152,1.0,73152,100000
0.0002,40,31,0.73074,1.0,73074,100000
0.0002,31,40,0.73033,1.0,73033,100000
0.0002,35,35,0.7264,1.0,72640,100000
0.0002,36,34,0.72829,1.0,72829,100000
0.0002,34,36,0.72635,1.0,72635,100000
0.0002,38,32,0.72177,1.0,72177,100000
0.0002,37,33,0.72569,1.0,72569,100000
0.0002,33,37,0.72604,1.0,72604,100000
0.0002,32,38,0.7284,1.0,72840,100000
0.0002,31,39,0.72476,1.0,72476,100000
0.0002,39,31,0.72083,1.0,72083,100000
0.0002,30,40,0.71949,1.0,71949,100000
0.0002,40,30,0.71982,1.0,71982,100000
0.0002,35,34,0.71609,1.0,71609,100000
0.0002,36,33,0.71567,1.0,71567,100000
0.0002,34,35,0.71749,1.0,71749,100000
0.0002,33,36,0.7147,1.0,71470,100000
0.0002,37,32,0.7145,1.0,71450,100000
0.0002,38,31,0.71234,1.0,71234,100000
0.0002,32,37,0.71332,1.0,71332,100000
0.0002,31,38,0.71225,1.0,71225,100000
0.0002,39,30,0.71013,1.0,71013,100000
0.0002,30,39,0.70963,1.0,70963,100000
0.0002,40,29,0.70754,1.0,70754,100000
0.0002,29,40,0.7063,1.0,70630,100000
0.0002,34,34,0.70448,1.0,70448,100000
0.0002,35,33,0.70398,1.0,70398,100000
0.0002,33,35,0.70459,1.0,70459,100000
0.0002,32,36,0.70199,1.0,70199,100000
0.0002,36,32,0.70281,1.0,70281,100000
0.0002,30,38,0.70107,1.0,70107,100000
0.0002,37,31,0.70085,1.0,70085,100000
0.0002,38,30,0.69826,1.0,69826,100000
0.0002,31,37,0.70301,1.0,70301,100000
0.0002,39,29,0.69791,1.0,69791,100000
0.0002,34,33,0.69312,1.0,69312,100000
0.0002,33,34,0.69317,1.0,69317,100000
0.0002,29,39,0.70045,1.0,70045,100000
0.0002,40,28,0.69545,1.0,69545,100000
0.0002,35,32,0.69298,1.0,69298,100000
0.0002,32,35,0.69551,1.0,69551,100000
0.0002,36,31,0.69565,1.0,69565,100000
0.0002,28,40,0.69207,1.0,69207,100000
0.0002,31,36,0.69455,1.0,69455,100000
0.0002,38,29,0.68536,1.0,68536,100000
0.0002,37,30,0.69237,1.0,69237,100000
0.0002,30,37,0.68899,1.0,68899,100000
0.0002,29,38,0.68555,1.0,68555,100000
0.0002,33,33,0.68605,1.0,68605,100000
0.0002,39,28,0.68446,1.0,68446,100000
0.0002,28,39,0.68605,1.0,68605,100000
0.0002,34,32,0.68092,1.0,68092,100000
0.0002,32,34,0.68017,1.0,68017,100000
0.0002,35,31,0.68237,1.0,68237,100000
0.0002,31,35,0.68199,1.0,68199,100000
0.0002,40,27,0.68037,1.0,68037,100000
0.0002,36,30,0.67844,1.0,67844,100000
0.0002,30,36,0.68062,1.0,68062,100000
0.0002,27,40,0.67832,1.0,67832,100000
0.0002,37,29,0.67933,1.0,67933,100000
0.0002,28,38,0.6724,1.0,67240,100000
0.0002,29,37,0.6781,1.0,67810,100000
0.0002,38,28,0.67239,1.0,67239,100000
0.0002,33,32,0.6741,1.0,67410,100000
0.0002,32,33,0.67288,1.0,67288,100000
0.0002,39,27,0.67157,1.0,67157,100000
0.0002,34,31,0.66878,1.0,66878,100000
0.0002,31,34,0.67171,1.0,67171,100000
0.0002,30,35,0.66847,1.0,66847,100000
0.0002,27,39,0.67141,1.0,67141,100000
0.0002,35,30,0.67065,1.0,67065,100000
0.0002,36,29,0.66788,1.0,66788,100000
0.0002,29,36,0.6674,1.0,66740,100000
0.0002,40,26,0.66873,1.0,66873,100000
0.0002,26,40,0.66619,1.0,66619,100000
0.0002,37,28,0.66506,1.0,66506,100000
0.0002,38,27,0.66324,1.0,66324,100000
0.0002,28,37,0.66394,1.0,66394,100000
0.0002,27,38,0.66109,1.0,66109,100000
0.0002,32,32,0.66067,1.0,66067,100000
0.0002,33,31,0.65924,1.0,65924,100000
0.0002,31,33,0.66074,1.0,66074,100000
0.0002,34,30,0.65826,1.0,65826,100000
0.0002,30,34,0.66072,1.0,66072,100000
0.0002,39,26,0.65651,1.0,65651,100000
0.0002,35,29,0.65632,1.0,65632,100000
0.0002,29,35,0.6587,1.0,65870,100000
0.0002,26,39,0.65739,1.0,65739,100000
0.0002,36,28,0.6571,1.0,65710,100000
0.0002,28,36,0.65492,1.0,65492,100000
0.0002,40,25,0.6496,1.0,64960,100000
0.0002,37,27,0.65093,1.0,65093,100000
0.0002,25,40,0.65431,1.0,65431,100000
0.0002,27,37,0.65059,1.0,65059,100000
0.0002,32,31,0.64938,1.0,64938,100000
0.0002,31,32,0.64771,1.0,64771,100000
0.0002,33,30,0.64948,1.0,64948,100000
0.0002,38,26,0.64668,1.0,64668,100000
0.0002,30,33,0.6476,1.0,64760,100000
0.0002,34,29,0.64923,1.0,64923,100000
0.0002,26,38,0.6483,1.0,64830,100000
0.0002,29,34,0.64749,1.0,64749,100000
0.0002,35,28,0.64523,1.0,64523,100000
0.0002,28,35,0.64487,1.0,64487,100000
0.0002,39,25,0.64285,1.0,64285,100000
0.0002,25,39,0.64344,1.0,64344,100000
0.0002,36,27,0.64128,1.0,64128,100000
0.0002,27,36,0.64006,1.0,64006,100000
0.0002,37,26,0.63936,1.0,63936,100000
0.0002,40,24,0.63708,1.0,63708,100000
0.0002,31,31,0.63905,1.0,63905,100000
0.0002,26,37,0.63751,1.0,63751,100000
0.0002,32,30,0.63729,1.0,63729,100000
0.0002,30,32,0.63585,1.0,63585,100000
0.0002,33,29,0.63812,1.0,63812,100000
0.0002,24,40,0.63714,1.0,63714,100000
0.0002,29,33,0.63502,1.0,63502,100000
0.0002,34,28,0.63533,1.0,63533,100000
0.0002,38,25,0.63375,1.0,63375,100000
0.0002,28,34,0.6332,1.0,63320,100000
0.0002,25,38,0.63238,1.0,63238,100000
0.0002,35,27,0.63148,1.0,63148,100000
0.0002,27,35,0.63238,1.0,63238,100000
0.0002,36,26,0.62857,1.0,62857,100000
0.0002,39,24,0.62784,1.0,62784,100000
0.0002,31,30,0.62692,1.0,62692,100000
0.0002,26,36,0.62741,1.0,62741,100000
0.0002,24,39,0.6276,1.0,62760,100000
0.0002,30,31,0.62546,1.0,62546,100000
0.0002,37,25,0.62511,1.0,62511,100000
0.0002,32,29,0.62338,1.0,62338,100000
0.0002,29,32,0.62531,1.0,62531,100000
0.0002,33,28,0.6224,1.0,62240,100000
0.0002,25,37,0.62243,1.0,62243,100000
0.0002,34,27,0.61994,1.0,61994,100000
0.0002,28,33,0.6236,1.0,62360,100000
0.0002,40,23,0.62127,1.0,62127,100000
0.0002,23,40,0.61956,1.0,61956,100000
0.0002,27,34,0.6175,1.0,61750,100000
0.0002,38,24,0.62072,1.0,62072,100000
0.0002,35,26,0.61567,1.0,61567,100000
0.0002,26,35,0.61628,1.0,61628,100000
0.0002,24,38,0.61839,1.0,61839,100000
0.0002,36,25,0.61197,1.0,61197,100000
0.0002,31,29,0.61112,1.0,61112,100000
0.0002,30,30,0.61273,1.0,61273,100000
0.0002,39,23,0.61412,1.0,61412,100000
0.0002,29,31,0.61279,1.0,61279,100000
0.0002,32,28,0.61124,1.0,61124,100000
0.0002,25,36,0.61162,1.0,61162,100000
0.0002,33,27,0.61026,1.0,61026,100000
0.0002,28,32,0.6115,1.0,61150,100000
0.0002,23,39,0.61163,1.0,61163,100000
0.0002,27,33,0.60697,1.0,60697,100000
0.0002,24,37,0.60921,1.0,60921,100000
0.0002,37,24,0.60949,1.0,60949,100000
0.0002,34,26,0.60599,1.0,60599,100000
0.0002,40,22,0.60426,1.0,60426,100000
0.0002,26,34,0.60383,1.0,60383,100000
0.0002,38,23,0.60219,1.0,60219,100000
0.0002,35,25,0.60455,1.0,60455,100000
0.0002,22,40,0.60317,1.0,60317,100000
0.0002,25,35,0.60425,1.0,60425,100000
0.0002,23,38,0.60256,1.0,60256,100000
0.0002,30,29,0.60035,1.0,60035,100000
0.0002,29,30,0.59981,1.0,59981,100000
0.0002,31,28,0.60275,1.0,60275,100000
0.0002,28,31,0.60126,1.0,60126,100000
0.0002,36,24,0.59796,1.0,59796,100000
0.0002,27,32,0.59588,1.0,59588,100000
0.0002,32,27,0.59867,1.0,59867,100000
0.0002,24,36,0.59783,1.0,59783,100000
0.0002,39,22,0.59522,1.0,59522,100000
0.0002,26,33,0.59503,1.0,59503,100000
0.0002,33,26,0.59451,1.0,59451,100000
0.0002,34,25,0.59264,1.0,59264,100000
0.0002,22,39,0.59488,1.0,59488,100000
0.0002,23,37,0.58904,1.0,58904,100000
0.0002,37,23,0.5939,1.0,59390,100000
0.0002,40,21,0.58927,1.0,58927,100000
0.0002,35,24,0.58769,1.0,58769,100000
0.0002,25,34,0.58931,1.0,58931,100000
0.0002,29,29,0.58724,1.0,58724,100000
0.0002,30,28,0.58801,1.0,58801,100000
0.0002,28,30,0.58508,1.0,58508,100000
0.0002,24,35,0.58725,1.0,58725,100000
0.0002,21,40,0.58732,1.0,58732,100000
0.0002,38,22,0.58748,1.0,58748,100000
0.0002,22,38,0.58567,1.0,58567,100000
0.0002,31,27,0.58429,1.0,58429,100000
0.0002,27,31,0.58706,1.0,58706,100000
0.0002,32,26,0.58352,1.0,58352,100000
0.0002,36,23,0.58727,1.0,58727,100000
0.0002,26,32,0.58507,1.0,58507,100000
0.0002,23,36,0.58237,1.0,58237,100000
0.0002,25,33,0.57874,1.0,57874,100000
0.0002,33,25,0.58231,1.0,58231,100000
0.0002,34,24,0.57947,1.0,57947,100000
0.0002,39,21,0.57702,1.0,57702,100000
0.0002,21,39,0.57753,1.0,57753,100000
0.0002,37,22,0.57613,1.0,57613,100000
0.0002,24,34,0.57695,1.0,57695,100000
0.0002,29,28,0.57359,1.0,57359,100000
0.0002,22,37,0.57652,1.0,57652,100000
0.0002,30,27,0.5748,1.0,57480,100000
0.0002,28,29,0.57395,1.0,57395,100000
0.0002,27,30,0.57387,1.0,57387,100000
0.0002,35,23,0.57222,1.0,57222,100000
0.0002,31,26,0.57185,1.0,57185,100000
0.0002,26,31,0.5726,1.0,57260,100000
0.0002,23,35,0.56982,1.0,56982,100000
0.0002,40,20,0.56903,1.0,56903,100000
0.0002,32,25,0.56999,1.0,56999,100000
0.0002,38,21,0.56958,1.0,56958,100000
0.0002,25,32,0.57241,1.0,57241,100000
0.0002,20,40,0.56792,1.0,56792,100000
