protocol,noise_model,parameter,circuit_label,n_failed_test_rounds,decoded_output,correct_value,match,computation_outcomes_count
FK12,malicious,0,circuit9367.qasm,0,1,1,✓,62
FK12,malicious,0,circuit6663.qasm,0,0,0,✓,42
FK12,malicious,0,circuit8556.qasm,0,0,0,✓,39
FK12,malicious,0,circuit4932.qasm,0,1,1,✓,56
FK12,malicious,0,circuit1480.qasm,0,1,1,✓,61
FK12,malicious,0,circuit2017.qasm,0,1,1,✓,65
FK12,malicious,0,circuit3647.qasm,0,1,1,✓,54
FK12,malicious,0,circuit0571.qasm,0,0,0,✓,39
FK12,malicious,0,circuit3840.qasm,0,0,0,✓,42
FK12,malicious,0,circuit2587.qasm,0,1,1,✓,74
FK12,malicious,0,circuit3751.qasm,0,1,1,✓,64
FK12,malicious,0,circuit9638.qasm,0,0,0,✓,39
FK12,malicious,0,circuit3669.qasm,0,0,0,✓,40
FK12,malicious,0,circuit5613.qasm,0,0,0,✓,25
FK12,malicious,0,circuit2696.qasm,0,1,1,✓,69
FK12,malicious,0,circuit4871.qasm,0,1,1,✓,70
FK12,malicious,0,circuit6388.qasm,0,0,0,✓,33
FK12,malicious,0,circuit6547.qasm,0,0,0,✓,27
FK12,malicious,0.1,circuit0255.qasm,3,0,0,✓,36
FK12,malicious,0.1,circuit0905.qasm,4,1,1,✓,63
FK12,malicious,0,circuit0086.qasm,0,0,0,✓,30
FK12,malicious,0,circuit3783.qasm,0,1,1,✓,62
FK12,malicious,0.1,circuit6547.qasm,3,0,0,✓,38
FK12,malicious,0.05,circuit8024.qasm,2,1,1,✓,54
FK12,malicious,0,circuit4909.qasm,0,0,0,✓,36
FK12,malicious,0,circuit8389.qasm,0,0,0,✓,27
FK12,malicious,0,circuit2471.qasm,0,0,0,✓,32
FK12,malicious,0.05,circuit9081.qasm,0,1,1,✓,74
FK12,malicious,0,circuit0581.qasm,0,1,1,✓,69
FK12,malicious,0,circuit0427.qasm,0,0,0,✓,34
FK12,malicious,0,circuit8024.qasm,0,1,1,✓,61
FK12,malicious,0.05,circuit8753.qasm,2,0,0,✓,42
FK12,malicious,0.1,circuit2696.qasm,5,1,1,✓,63
FK12,malicious,0.05,circuit6547.qasm,1,0,0,✓,44
FK12,malicious,0.1,circuit6388.qasm,2,0,0,✓,35
FK12,malicious,0.05,circuit6388.qasm,1,0,0,✓,28
FK12,malicious,0,circuit8753.qasm,0,0,0,✓,33
FK12,malicious,0.1,circuit2264.qasm,2,0,0,✓,30
FK12,malicious,0,circuit2204.qasm,0,0,0,✓,45
FK12,malicious,0.05,circuit0730.qasm,1,1,1,✓,54
FK12,malicious,0.05,circuit3840.qasm,2,0,0,✓,40
FK12,malicious,0.05,circuit5432.qasm,3,0,0,✓,36
FK12,malicious,0.05,circuit6104.qasm,1,0,0,✓,26
FK12,malicious,0.05,circuit6663.qasm,3,0,0,✓,47
FK12,malicious,0.05,circuit0255.qasm,3,0,0,✓,28
FK12,malicious,0.05,circuit7085.qasm,3,0,0,✓,34
FK12,malicious,0.1,circuit8725.qasm,2,0,0,✓,31
FK12,malicious,0.05,circuit2419.qasm,2,1,1,✓,55
FK12,malicious,0.1,circuit8433.qasm,5,0,0,✓,38
FK12,malicious,0.05,circuit2204.qasm,3,0,0,✓,37
FK12,malicious,0.05,circuit4932.qasm,3,1,1,✓,55
FK12,malicious,0.05,circuit8043.qasm,3,0,0,✓,35
FK12,malicious,0.05,circuit7197.qasm,1,1,1,✓,60
FK12,malicious,0.05,circuit1864.qasm,1,1,1,✓,69
FK12,malicious,0.05,circuit8389.qasm,2,0,0,✓,36
FK12,malicious,0.05,circuit3387.qasm,0,1,1,✓,63
FK12,malicious,0.1,circuit3783.qasm,6,1,1,✓,66
FK12,malicious,0.1,circuit0427.qasm,3,0,0,✓,36
FK12,malicious,0.1,circuit0581.qasm,5,1,1,✓,67
FK12,malicious,0.05,circuit0126.qasm,0,0,0,✓,33
FK12,malicious,0.1,circuit2471.qasm,6,0,0,✓,39
FK12,malicious,0.05,circuit4871.qasm,2,1,1,✓,71
FK12,malicious,0.1,circuit0086.qasm,3,0,0,✓,38
FK12,malicious,0.05,circuit2264.qasm,1,0,0,✓,30
FK12,malicious,0.05,circuit4002.qasm,1,1,1,✓,64
FK12,malicious,0.05,circuit4611.qasm,2,0,0,✓,34
FK12,malicious,0.05,circuit2696.qasm,3,1,1,✓,68
FK12,malicious,0.1,circuit4909.qasm,4,0,0,✓,35
FK12,malicious,0,circuit9081.qasm,0,1,1,✓,68
FK12,malicious,0.05,circuit7242.qasm,1,1,1,✓,64
FK12,malicious,0.05,circuit0302.qasm,0,1,1,✓,62
FK12,malicious,0.05,circuit5607.qasm,1,1,1,✓,70
FK12,malicious,0.05,circuit0905.qasm,3,1,1,✓,62
FK12,malicious,0,circuit8725.qasm,0,0,0,✓,28
FK12,malicious,0.1,circuit0302.qasm,5,1,1,✓,50
FK12,malicious,0,circuit8433.qasm,0,0,0,✓,31
FK12,malicious,0.05,circuit1480.qasm,2,1,1,✓,61
FK12,malicious,0.05,circuit6124.qasm,1,0,0,✓,39
FK12,malicious,0,circuit7197.qasm,0,1,1,✓,68
FK12,malicious,0.1,circuit4611.qasm,7,0,0,✓,27
FK12,malicious,0.1,circuit5607.qasm,5,1,1,✓,61
FK12,malicious,0,circuit6104.qasm,0,0,0,✓,40
FK12,malicious,0.1,circuit0126.qasm,6,0,0,✓,34
FK12,malicious,0.1,circuit8043.qasm,4,0,0,✓,40
FK12,malicious,0.05,circuit5613.qasm,1,0,0,✓,44
FK12,malicious,0.1,circuit1480.qasm,6,1,1,✓,67
FK12,malicious,0.1,circuit4002.qasm,4,1,1,✓,67
FK12,malicious,0,circuit5432.qasm,0,0,0,✓,30
FK12,malicious,0.1,circuit4871.qasm,5,1,1,✓,66
FK12,malicious,0.1,circuit6663.qasm,6,0,0,✓,38
FK12,malicious,0.1,circuit0730.qasm,5,1,1,✓,57
FK12,malicious,0.1,circuit7085.qasm,5,0,0,✓,32
FK12,malicious,0.05,circuit4909.qasm,4,0,0,✓,40
FK12,malicious,0.1,circuit1864.qasm,3,1,1,✓,67
FK12,malicious,0.05,circuit3647.qasm,1,1,1,✓,62
FK12,malicious,0.05,circuit2471.qasm,1,0,0,✓,36
FK12,malicious,0.05,circuit3783.qasm,0,1,1,✓,69
FK12,malicious,0.05,circuit0571.qasm,1,0,0,✓,40
FK12,malicious,0.1,circuit7242.qasm,3,1,1,✓,60
FK12,malicious,0.1,circuit3387.qasm,4,1,1,✓,66
FK12,malicious,0.05,circuit3669.qasm,1,0,0,✓,36
FK12,malicious,0.1,circuit6124.qasm,5,0,0,✓,38
FK12,malicious,0.05,circuit2587.qasm,3,1,1,✓,66
FK12,malicious,0.05,circuit9367.qasm,3,1,1,✓,63
FK12,malicious,0.1,circuit2419.qasm,3,1,1,✓,50
FK12,malicious,0.05,circuit0086.qasm,1,0,0,✓,34
FK12,malicious,0.1,circuit9638.qasm,6,1,0,✗,50
FK12,malicious,0.1,circuit5613.qasm,3,0,0,✓,40
FK12,malicious,0.1,circuit4932.qasm,2,1,1,✓,61
FK12,malicious,0.1,circuit3840.qasm,7,0,0,✓,33
FK12,malicious,0.1,circuit2017.qasm,3,1,1,✓,64
FK12,malicious,0.1,circuit8556.qasm,4,0,0,✓,31
FK12,malicious,0.1,circuit3647.qasm,3,1,1,✓,53
FK12,malicious,0.1,circuit3751.qasm,5,1,1,✓,58
FK12,malicious,0.1,circuit9367.qasm,3,1,1,✓,62
FK12,malicious,0,circuit4611.qasm,0,0,0,✓,35
FK12,malicious,0.1,circuit0571.qasm,0,0,0,✓,39
FK12,malicious,0,circuit0302.qasm,0,1,1,✓,61
FK12,malicious,0.1,circuit3669.qasm,2,0,0,✓,24
FK12,malicious,0,circuit0255.qasm,0,0,0,✓,40
FK12,malicious,0,circuit4002.qasm,0,1,1,✓,66
FK12,malicious,0,circuit5607.qasm,0,1,1,✓,76
FK12,malicious,0,circuit1864.qasm,0,1,1,✓,67
FK12,malicious,0,circuit0126.qasm,0,0,0,✓,36
FK12,malicious,0.1,circuit2587.qasm,5,1,1,✓,58
FK12,malicious,0,circuit2264.qasm,0,0,0,✓,38
FK12,malicious,0,circuit0730.qasm,0,1,1,✓,59
FK12,malicious,0,circuit6124.qasm,0,0,0,✓,34
FK12,malicious,0,circuit2419.qasm,0,1,1,✓,58
FK12,malicious,0,circuit0905.qasm,0,1,1,✓,74
FK12,malicious,0.05,circuit3751.qasm,1,1,1,✓,60
FK12,malicious,0.05,circuit9638.qasm,2,0,0,✓,29
FK12,malicious,0.05,circuit2017.qasm,4,1,1,✓,64
FK12,malicious,0.05,circuit8556.qasm,2,0,0,✓,30
FK12,malicious,0.05,circuit0427.qasm,0,0,0,✓,43
FK12,malicious,0.05,circuit8725.qasm,0,0,0,✓,22
FK12,malicious,0.05,circuit8433.qasm,2,0,0,✓,39
FK12,malicious,0.05,circuit0581.qasm,1,1,1,✓,73
FK12,malicious,0,circuit5028.qasm,0,0,0,✓,35
FK12,malicious,0,circuit2715.qasm,0,0,0,✓,41
FK12,malicious,0,circuit3047.qasm,0,1,1,✓,70
FK12,malicious,0,circuit7799.qasm,0,0,0,✓,36
FK12,malicious,0,circuit2886.qasm,0,1,1,✓,68
FK12,malicious,0,circuit7242.qasm,0,1,1,✓,60
FK12,malicious,0,circuit2971.qasm,0,1,1,✓,77
FK12,malicious,0,circuit8100.qasm,0,0,0,✓,37
FK12,malicious,0,circuit3387.qasm,0,1,1,✓,72
FK12,malicious,0,circuit7085.qasm,0,0,0,✓,33
FK12,malicious,0,circuit8043.qasm,0,0,0,✓,35
FK12,malicious,0,circuit3589.qasm,0,0,0,✓,32
FK12,malicious,0,circuit0742.qasm,0,1,1,✓,65
FK12,malicious,0,circuit6734.qasm,0,1,1,✓,60
FK12,malicious,0,circuit5383.qasm,0,0,0,✓,38
FK12,malicious,0,circuit5296.qasm,0,1,1,✓,65
FK12,malicious,0,circuit8891.qasm,0,0,0,✓,39
FK12,malicious,0,circuit1737.qasm,0,1,1,✓,64
FK12,malicious,0,circuit9107.qasm,0,0,0,✓,33
FK12,malicious,0,circuit7077.qasm,0,1,1,✓,59
FK12,malicious,0,circuit4079.qasm,0,1,0,✗,51
FK12,malicious,0,circuit8232.qasm,0,0,0,✓,35
FK12,malicious,0.1,circuit6067.qasm,3,1,1,✓,63
FK12,malicious,0.1,circuit8253.qasm,4,1,1,✓,60
FK12,malicious,0.15,circuit6547.qasm,3,0,0,✓,32
FK12,malicious,0.15,circuit2696.qasm,4,1,1,✓,64
FK12,malicious,0.15,circuit8232.qasm,7,0,0,✓,37
FK12,malicious,0.15,circuit6388.qasm,8,1,0,✗,52
FK12,malicious,0.15,circuit9107.qasm,5,0,0,✓,47
FK12,malicious,0.15,circuit4079.qasm,8,0,0,✓,44
FK12,malicious,0.15,circuit4871.qasm,7,1,1,✓,59
FK12,malicious,0.15,circuit8380.qasm,11,0,0,✓,43
FK12,malicious,0.15,circuit2264.qasm,9,0,0,✓,34
FK12,malicious,0.15,circuit7077.qasm,9,1,1,✓,63
FK12,malicious,0,circuit4099.qasm,0,1,1,✓,74
FK12,malicious,0.1,circuit4079.qasm,7,0,0,✓,38
FK12,malicious,0,circuit3498.qasm,0,0,0,✓,43
FK12,malicious,0.05,circuit8579.qasm,2,1,1,✓,65
FK12,malicious,0,circuit8242.qasm,0,1,1,✓,58
FK12,malicious,0,circuit4708.qasm,0,1,1,✓,71
FK12,malicious,0.05,circuit2424.qasm,4,1,1,✓,64
FK12,malicious,0,circuit0662.qasm,0,0,0,✓,36
FK12,malicious,0.05,circuit9803.qasm,3,0,0,✓,49
FK12,malicious,0.1,circuit8232.qasm,5,0,0,✓,32
FK12,malicious,0,circuit8036.qasm,0,1,1,✓,59
FK12,malicious,0,circuit9451.qasm,0,1,1,✓,57
FK12,malicious,0,circuit9803.qasm,0,0,0,✓,33
FK12,malicious,0,circuit8579.qasm,0,1,1,✓,61
FK12,malicious,0.05,circuit8232.qasm,0,0,0,✓,38
FK12,malicious,0.1,circuit8380.qasm,1,0,0,✓,41
FK12,malicious,0.1,circuit9107.qasm,6,0,0,✓,39
FK12,malicious,0.05,circuit4079.qasm,2,0,0,✓,37
FK12,malicious,0,circuit6474.qasm,0,1,1,✓,65
FK12,malicious,0.05,circuit5516.qasm,2,0,0,✓,33
FK12,malicious,0.05,circuit8326.qasm,5,0,0,✓,38
FK12,malicious,0.05,circuit1665.qasm,1,0,0,✓,42
FK12,malicious,0.05,circuit6734.qasm,2,1,1,✓,67
FK12,malicious,0.05,circuit7947.qasm,2,1,1,✓,70
FK12,malicious,0.05,circuit2886.qasm,1,1,1,✓,68
FK12,malicious,0.1,circuit6424.qasm,1,0,0,✓,44
FK12,malicious,0.05,circuit6067.qasm,2,1,1,✓,63
FK12,malicious,0.1,circuit0499.qasm,8,1,1,✓,64
FK12,malicious,0.05,circuit4703.qasm,2,1,1,✓,58
FK12,malicious,0.05,circuit9678.qasm,2,1,1,✓,69
FK12,malicious,0.05,circuit6474.qasm,0,1,1,✓,68
FK12,malicious,0.05,circuit3047.qasm,1,1,1,✓,62
FK12,malicious,0.05,circuit5104.qasm,0,1,1,✓,64
FK12,malicious,0.05,circuit9451.qasm,1,1,1,✓,58
FK12,malicious,0.05,circuit5565.qasm,2,1,1,✓,65
FK12,malicious,0.05,circuit9611.qasm,1,1,1,✓,62
FK12,malicious,0.05,circuit7077.qasm,1,1,1,✓,62
FK12,malicious,0.05,circuit2244.qasm,0,1,1,✓,65
FK12,malicious,0.05,circuit8380.qasm,2,0,0,✓,34
FK12,malicious,0.15,circuit4002.qasm,5,1,1,✓,70
FK12,malicious,0.05,circuit5679.qasm,2,1,1,✓,53
FK12,malicious,0.05,circuit6691.qasm,0,1,1,✓,63
FK12,malicious,0.05,circuit9107.qasm,2,0,0,✓,44
FK12,malicious,0.1,circuit8036.qasm,4,1,1,✓,56
FK12,malicious,0.1,circuit4099.qasm,3,1,1,✓,61
FK12,malicious,0.1,circuit0662.qasm,3,0,0,✓,36
FK12,malicious,0.1,circuit8242.qasm,1,1,1,✓,64
FK12,malicious,0.1,circuit3498.qasm,3,0,0,✓,45
FK12,malicious,0.1,circuit4708.qasm,3,1,1,✓,61
FK12,malicious,0,circuit2424.qasm,0,1,1,✓,72
FK12,malicious,0.05,circuit7101.qasm,0,1,1,✓,65
FK12,malicious,0.05,circuit7587.qasm,1,1,1,✓,65
FK12,malicious,0.05,circuit8253.qasm,0,1,1,✓,70
FK12,malicious,0.15,circuit6691.qasm,6,1,1,✓,64
FK12,malicious,0,circuit0499.qasm,0,1,1,✓,72
FK12,malicious,0.05,circuit3191.qasm,0,1,1,✓,61
FK12,malicious,0,circuit6424.qasm,0,0,0,✓,36
FK12,malicious,0.1,circuit7587.qasm,4,1,1,✓,67
FK12,malicious,0,circuit5104.qasm,0,1,1,✓,71
FK12,malicious,0.05,circuit2343.qasm,5,0,0,✓,49
FK12,malicious,0.05,circuit2715.qasm,4,1,0,✗,54
FK12,malicious,0.1,circuit5679.qasm,3,1,1,✓,55
FK12,malicious,0,circuit1665.qasm,0,0,0,✓,43
FK12,malicious,0.1,circuit3191.qasm,2,1,1,✓,60
FK12,malicious,0.1,circuit9611.qasm,4,1,1,✓,66
FK12,malicious,0.1,circuit7947.qasm,4,1,1,✓,62
FK12,malicious,0.1,circuit7077.qasm,4,1,1,✓,61
FK12,malicious,0,circuit5516.qasm,0,0,0,✓,32
FK12,malicious,0.1,circuit6691.qasm,6,1,1,✓,64
FK12,malicious,0.05,circuit1737.qasm,0,1,1,✓,66
FK12,malicious,0.1,circuit2715.qasm,3,0,0,✓,43
FK12,malicious,0.1,circuit9678.qasm,6,1,1,✓,63
FK12,malicious,0.1,circuit8326.qasm,3,0,0,✓,47
FK12,malicious,0.1,circuit2886.qasm,3,1,1,✓,70
FK12,malicious,0.1,circuit5565.qasm,5,1,1,✓,62
FK12,malicious,0.05,circuit3498.qasm,3,0,0,✓,44
FK12,malicious,0.05,circuit4708.qasm,3,1,1,✓,59
FK12,malicious,0.05,circuit2971.qasm,3,1,1,✓,74
FK12,malicious,0.1,circuit2244.qasm,4,1,1,✓,63
FK12,malicious,0.05,circuit3589.qasm,2,0,0,✓,34
FK12,malicious,0.05,circuit4099.qasm,0,1,1,✓,63
FK12,malicious,0.1,circuit7101.qasm,1,1,1,✓,67
FK12,malicious,0.05,circuit8891.qasm,4,0,0,✓,38
FK12,malicious,0.1,circuit2343.qasm,5,0,0,✓,40
FK12,malicious,0.05,circuit5028.qasm,0,0,0,✓,40
FK12,malicious,0.1,circuit4703.qasm,4,1,1,✓,70
FK12,malicious,0.05,circuit0742.qasm,4,1,1,✓,60
FK12,malicious,0.05,circuit8242.qasm,2,1,1,✓,61
FK12,malicious,0.1,circuit5432.qasm,3,0,0,✓,35
FK12,malicious,0.1,circuit2204.qasm,5,0,0,✓,36
FK12,malicious,0.1,circuit9081.qasm,6,1,1,✓,64
FK12,malicious,0.1,circuit5296.qasm,8,1,1,✓,59
FK12,malicious,0.1,circuit1737.qasm,8,1,1,✓,67
FK12,malicious,0.1,circuit8389.qasm,5,0,0,✓,42
FK12,malicious,0.1,circuit6104.qasm,4,0,0,✓,37
FK12,malicious,0.1,circuit3047.qasm,6,1,1,✓,62
FK12,malicious,0.1,circuit7197.qasm,4,1,1,✓,65
FK12,malicious,0.1,circuit6734.qasm,6,1,1,✓,56
FK12,malicious,0.1,circuit8100.qasm,5,0,0,✓,34
FK12,malicious,0.1,circuit7799.qasm,4,0,0,✓,42
FK12,malicious,0.1,circuit2971.qasm,4,1,1,✓,60
FK12,malicious,0.1,circuit5383.qasm,7,0,0,✓,36
FK12,malicious,0.1,circuit3589.qasm,6,0,0,✓,36
FK12,malicious,0.15,circuit0126.qasm,6,0,0,✓,31
FK12,malicious,0.1,circuit5028.qasm,4,0,0,✓,38
FK12,malicious,0,circuit7587.qasm,0,1,1,✓,74
FK12,malicious,0.1,circuit8753.qasm,3,0,0,✓,38
FK12,malicious,0,circuit5679.qasm,0,1,1,✓,57
FK12,malicious,0.1,circuit8024.qasm,3,1,1,✓,57
FK12,malicious,0.1,circuit8891.qasm,4,0,0,✓,32
FK12,malicious,0,circuit3191.qasm,0,1,1,✓,63
FK12,malicious,0,circuit6691.qasm,0,1,1,✓,71
FK12,malicious,0,circuit5565.qasm,0,1,1,✓,62
FK12,malicious,0,circuit8380.qasm,0,0,0,✓,37
FK12,malicious,0,circuit8326.qasm,0,0,0,✓,38
FK12,malicious,0,circuit9611.qasm,0,1,1,✓,58
FK12,malicious,0,circuit6067.qasm,0,1,1,✓,69
FK12,malicious,0,circuit4703.qasm,0,1,1,✓,67
FK12,malicious,0.1,circuit0742.qasm,6,1,1,✓,57
FK12,malicious,0,circuit2343.qasm,0,0,0,✓,41
FK12,malicious,0,circuit8253.qasm,0,1,1,✓,64
FK12,malicious,0.05,circuit5296.qasm,1,1,1,✓,57
FK12,malicious,0.05,circuit5383.qasm,2,0,0,✓,38
FK12,malicious,0.05,circuit8100.qasm,2,0,0,✓,41
FK12,malicious,0.05,circuit0662.qasm,3,0,0,✓,38
FK12,malicious,0.05,circuit7799.qasm,2,0,0,✓,47
FK12,malicious,0.15,circuit9611.qasm,6,1,1,✓,61
FK12,malicious,0.05,circuit0499.qasm,2,1,1,✓,71
FK12,malicious,0.05,circuit8036.qasm,0,1,1,✓,64
FK12,malicious,0.05,circuit6424.qasm,3,0,0,✓,36
FK12,malicious,0.15,circuit4611.qasm,4,0,0,✓,36
FK12,malicious,0.15,circuit5679.qasm,5,1,1,✓,58
FK12,malicious,0.15,circuit3191.qasm,6,1,1,✓,55
FK12,malicious,0.15,circuit5607.qasm,5,1,1,✓,60
FK12,malicious,0.2,circuit2886.qasm,11,1,1,✓,67
FK12,malicious,0.2,circuit6663.qasm,7,1,0,✗,50
FK12,malicious,0.15,circuit0302.qasm,2,1,1,✓,51
FK12,malicious,0.15,circuit7587.qasm,8,1,1,✓,65
FK12,malicious,0.2,circuit3387.qasm,10,1,1,✓,68
FK12,malicious,0.2,circuit3047.qasm,7,1,1,✓,58
FK12,malicious,0.2,circuit2244.qasm,7,1,1,✓,66
FK12,malicious,0.2,circuit7085.qasm,14,0,0,✓,35
FK12,malicious,0.2,circuit4932.qasm,9,1,1,✓,51
FK12,malicious,0,circuit2244.qasm,0,1,1,✓,65
FK12,malicious,0,circuit7101.qasm,0,1,1,✓,67
FK12,malicious,0,circuit9678.qasm,0,1,1,✓,69
FK12,malicious,0,circuit7947.qasm,0,1,1,✓,69
FK12,malicious,0.2,circuit8556.qasm,11,0,0,✓,40
FK12,malicious,0.2,circuit7799.qasm,8,0,0,✓,46
FK12,malicious,0.2,circuit8100.qasm,10,0,0,✓,27
FK12,malicious,0.2,circuit3751.qasm,11,1,1,✓,57
FK12,malicious,0.2,circuit5383.qasm,9,0,0,✓,38
FK12,malicious,0.15,circuit6067.qasm,7,1,1,✓,59
FK12,malicious,0.15,circuit0905.qasm,3,1,1,✓,63
FK12,malicious,0.15,circuit8253.qasm,7,1,1,✓,59
FK12,malicious,0.15,circuit0255.qasm,10,0,0,✓,36
FK12,malicious,0.15,circuit2419.qasm,5,1,1,✓,67
FK12,malicious,0.15,circuit3589.qasm,4,0,0,✓,36
FK12,malicious,0.15,circuit6124.qasm,6,0,0,✓,42
FK12,malicious,0.15,circuit5028.qasm,6,0,0,✓,34
FK12,malicious,0.15,circuit8043.qasm,9,0,0,✓,39
FK12,malicious,0.15,circuit7101.qasm,7,1,1,✓,66
FK12,malicious,0.15,circuit5565.qasm,6,1,1,✓,52
FK12,malicious,0.15,circuit8326.qasm,5,0,0,✓,39
FK12,malicious,0.15,circuit7242.qasm,6,1,1,✓,63
FK12,malicious,0.15,circuit1864.qasm,8,1,1,✓,58
FK12,malicious,0.15,circuit4703.qasm,8,1,1,✓,69
FK12,malicious,0.15,circuit2343.qasm,4,0,0,✓,44
FK12,malicious,0.15,circuit7947.qasm,10,1,1,✓,60
FK12,malicious,0.15,circuit1480.qasm,8,1,1,✓,65
FK12,malicious,0.15,circuit2971.qasm,4,1,1,✓,63
FK12,malicious,0.15,circuit0730.qasm,5,1,1,✓,53
FK12,malicious,0.15,circuit1737.qasm,3,1,1,✓,61
FK12,malicious,0.15,circuit2715.qasm,2,0,0,✓,42
FK12,malicious,0.15,circuit5613.qasm,5,0,0,✓,32
FK12,malicious,0.15,circuit6663.qasm,4,0,0,✓,36
FK12,malicious,0.15,circuit3669.qasm,6,0,0,✓,41
FK12,malicious,0.15,circuit2886.qasm,5,1,1,✓,73
FK12,malicious,0.15,circuit7085.qasm,3,0,0,✓,31
FK12,malicious,0.15,circuit2244.qasm,6,1,1,✓,56
FK12,malicious,0.15,circuit3387.qasm,7,1,1,✓,58
FK12,malicious,0.15,circuit2017.qasm,5,1,1,✓,64
FK12,malicious,0.15,circuit7799.qasm,6,0,0,✓,46
FK12,malicious,0.15,circuit9678.qasm,3,1,1,✓,64
FK12,malicious,0.15,circuit4932.qasm,5,1,1,✓,65
FK12,malicious,0.15,circuit3840.qasm,7,0,0,✓,37
FK12,malicious,0.15,circuit8100.qasm,6,0,0,✓,43
FK12,malicious,0.15,circuit6734.qasm,7,1,1,✓,63
FK12,malicious,0.15,circuit3047.qasm,3,1,1,✓,64
FK12,malicious,0.15,circuit3751.qasm,3,1,1,✓,58
FK12,malicious,0.15,circuit8556.qasm,4,0,0,✓,32
FK12,malicious,0.15,circuit9638.qasm,6,0,0,✓,43
FK12,malicious,0.15,circuit5383.qasm,8,0,0,✓,36
FK12,malicious,0.2,circuit9638.qasm,11,0,0,✓,41
FK12,malicious,0.15,circuit5296.qasm,8,1,1,✓,70
FK12,malicious,0.15,circuit0571.qasm,3,0,0,✓,40
FK12,malicious,0.2,circuit2971.qasm,5,1,1,✓,55
FK12,malicious,0.2,circuit3647.qasm,6,1,1,✓,58
FK12,malicious,0.15,circuit2587.qasm,8,1,1,✓,60
FK12,malicious,0.15,circuit0742.qasm,6,1,1,✓,60
FK12,malicious,0.15,circuit3647.qasm,7,1,1,✓,54
FK12,malicious,0.15,circuit9367.qasm,5,1,1,✓,62
FK12,malicious,0.2,circuit5613.qasm,8,0,0,✓,41
FK12,malicious,0.2,circuit3669.qasm,8,0,0,✓,39
FK12,malicious,0.15,circuit8891.qasm,5,0,0,✓,36
FK12,malicious,0.2,circuit5296.qasm,11,1,1,✓,60
FK12,malicious,0.2,circuit1737.qasm,10,1,1,✓,67
FK12,malicious,0.2,circuit8891.qasm,5,0,0,✓,38
FK12,malicious,0.15,circuit2471.qasm,10,0,0,✓,29
FK12,malicious,0.15,circuit3498.qasm,9,1,0,✗,55
FK12,malicious,0.15,circuit4099.qasm,5,1,1,✓,65
FK12,malicious,0.15,circuit3783.qasm,7,1,1,✓,63
FK12,malicious,0.15,circuit8242.qasm,5,1,1,✓,53
FK12,malicious,0.15,circuit0086.qasm,7,0,0,✓,30
FK12,malicious,0.2,circuit2471.qasm,6,0,0,✓,44
FK12,malicious,0.15,circuit0581.qasm,7,1,1,✓,62
FK12,malicious,0.15,circuit4909.qasm,7,0,0,✓,39
FK12,malicious,0.15,circuit4708.qasm,5,1,1,✓,58
FK12,malicious,0.15,circuit0427.qasm,8,0,0,✓,33
FK12,malicious,0.15,circuit6424.qasm,6,0,0,✓,42
FK12,malicious,0.15,circuit0662.qasm,8,0,0,✓,42
FK12,malicious,0.15,circuit8433.qasm,9,0,0,✓,41
FK12,malicious,0.15,circuit8036.qasm,6,1,1,✓,60
FK12,malicious,0.15,circuit1665.qasm,7,0,0,✓,42
FK12,malicious,0.15,circuit8725.qasm,6,0,0,✓,31
FK12,malicious,0.15,circuit5432.qasm,5,0,0,✓,32
FK12,malicious,0.15,circuit0499.qasm,6,1,1,✓,61
FK12,malicious,0.2,circuit3498.qasm,5,1,0,✗,55
FK12,malicious,0.15,circuit6104.qasm,4,0,0,✓,35
FK12,malicious,0.15,circuit7197.qasm,7,1,1,✓,56
FK12,malicious,0.15,circuit5104.qasm,7,1,1,✓,66
FK12,malicious,0.15,circuit2424.qasm,5,1,1,✓,71
FK12,malicious,0.2,circuit2587.qasm,8,1,1,✓,57
FK12,malicious,0.2,circuit0742.qasm,7,1,1,✓,59
FK12,malicious,0.15,circuit9081.qasm,6,1,1,✓,70
FK12,malicious,0.15,circuit9451.qasm,8,1,1,✓,52
FK12,malicious,0.15,circuit5516.qasm,4,0,0,✓,33
FK12,malicious,0.2,circuit0571.qasm,8,0,0,✓,39
FK12,malicious,0.2,circuit3783.qasm,10,1,1,✓,62
FK12,malicious,0.15,circuit6474.qasm,3,1,1,✓,63
FK12,malicious,0.15,circuit8579.qasm,9,1,1,✓,56
FK12,malicious,0.15,circuit8389.qasm,6,0,0,✓,40
FK12,malicious,0.15,circuit9803.qasm,10,0,0,✓,49
FK12,malicious,0.15,circuit2204.qasm,8,1,0,✗,50
FK12,malicious,0.2,circuit3589.qasm,9,0,0,✓,42
FK12,malicious,0.15,circuit8753.qasm,5,0,0,✓,35
FK12,malicious,0.2,circuit4099.qasm,8,1,1,✓,65
FK12,malicious,0.15,circuit8024.qasm,4,1,1,✓,57
FK12,malicious,0.2,circuit6547.qasm,9,0,0,✓,38
FK12,malicious,0.2,circuit4079.qasm,9,0,0,✓,35
FK12,malicious,0.2,circuit8232.qasm,7,0,0,✓,35
FK12,malicious,0.2,circuit2696.qasm,10,1,1,✓,65
FK12,malicious,0.2,circuit9107.qasm,6,0,0,✓,37
FK12,malicious,0.2,circuit6388.qasm,6,0,0,✓,46
FK12,malicious,0.2,circuit9367.qasm,8,1,1,✓,61
FK12,malicious,0.2,circuit5028.qasm,10,0,0,✓,35
FK12,malicious,0.2,circuit4871.qasm,7,1,1,✓,60
FK12,malicious,0.2,circuit7077.qasm,7,1,1,✓,61
FK12,malicious,0.2,circuit2264.qasm,7,0,0,✓,41
FK12,malicious,0.2,circuit8380.qasm,10,0,0,✓,35
FK12,malicious,0.2,circuit4002.qasm,9,1,1,✓,52
FK12,malicious,0.2,circuit6691.qasm,6,1,1,✓,53
FK12,malicious,0.25,circuit6691.qasm,13,1,1,✓,55
FK12,malicious,0.2,circuit0126.qasm,7,0,0,✓,38
FK12,malicious,0.2,circuit9611.qasm,10,1,1,✓,63
FK12,malicious,0.2,circuit4611.qasm,8,0,0,✓,37
FK12,malicious,0.2,circuit3191.qasm,9,1,1,✓,68
FK12,malicious,0.2,circuit5679.qasm,10,1,1,✓,53
FK12,malicious,0.2,circuit6124.qasm,8,0,0,✓,39
FK12,malicious,0.2,circuit0302.qasm,7,1,1,✓,58
FK12,malicious,0.2,circuit8253.qasm,10,1,1,✓,59
FK12,malicious,0.2,circuit5607.qasm,11,1,1,✓,65
FK12,malicious,0.2,circuit2343.qasm,15,0,0,✓,39
FK12,malicious,0.2,circuit2419.qasm,7,1,1,✓,61
FK12,malicious,0.2,circuit0905.qasm,10,1,1,✓,61
FK12,malicious,0.2,circuit6067.qasm,4,1,1,✓,62
FK12,malicious,0.2,circuit1864.qasm,9,1,1,✓,64
FK12,malicious,0.2,circuit0255.qasm,8,0,0,✓,47
FK12,malicious,0.2,circuit7587.qasm,15,1,1,✓,62
FK12,malicious,0.2,circuit5565.qasm,10,1,1,✓,62
FK12,malicious,0.2,circuit4703.qasm,6,1,1,✓,60
FK12,malicious,0.2,circuit8326.qasm,7,0,0,✓,43
FK12,malicious,0.25,circuit2343.qasm,8,0,0,✓,40
FK12,malicious,0.2,circuit0730.qasm,6,0,1,✗,46
FK12,malicious,0.2,circuit1480.qasm,7,1,1,✓,56
FK12,malicious,0.2,circuit7242.qasm,9,1,1,✓,62
FK12,malicious,0.2,circuit2715.qasm,10,0,0,✓,45
FK12,malicious,0.2,circuit7101.qasm,8,1,1,✓,51
FK12,malicious,0.2,circuit8043.qasm,10,0,0,✓,34
FK12,malicious,0.2,circuit7947.qasm,7,1,1,✓,60
FK12,malicious,0.3,circuit4871.qasm,14,1,1,✓,54
FK12,malicious,0.3,circuit7077.qasm,10,1,1,✓,55
FK12,malicious,0.3,circuit4002.qasm,14,1,1,✓,51
FK12,malicious,0.3,circuit6691.qasm,17,1,1,✓,59
FK12,malicious,0.25,circuit4708.qasm,8,1,1,✓,53
FK12,malicious,0.3,circuit0126.qasm,10,0,0,✓,40
FK12,malicious,0.3,circuit9611.qasm,16,1,1,✓,57
FK12,malicious,0.3,circuit4611.qasm,14,0,0,✓,43
FK12,malicious,0.2,circuit6734.qasm,7,1,1,✓,64
FK12,malicious,0.2,circuit3840.qasm,9,0,0,✓,48
FK12,malicious,0.3,circuit7587.qasm,18,1,1,✓,59
FK12,malicious,0.2,circuit9678.qasm,10,1,1,✓,67
FK12,malicious,0.25,circuit7077.qasm,5,1,1,✓,54
FK12,malicious,0.2,circuit2017.qasm,9,1,1,✓,57
FK12,malicious,0.25,circuit2264.qasm,10,0,0,✓,36
FK12,malicious,0.3,circuit8253.qasm,18,1,1,✓,53
FK12,malicious,0.3,circuit0905.qasm,13,1,1,✓,59
FK12,malicious,0.25,circuit4002.qasm,12,1,1,✓,63
FK12,malicious,0.25,circuit0126.qasm,16,0,0,✓,34
FK12,malicious,0.25,circuit4611.qasm,11,0,0,✓,45
FK12,malicious,0.25,circuit9611.qasm,13,1,1,✓,57
FK12,malicious,0.2,circuit0427.qasm,11,0,0,✓,37
FK12,malicious,0.2,circuit4708.qasm,11,1,1,✓,56
FK12,malicious,0.2,circuit4909.qasm,8,0,0,✓,48
FK12,malicious,0.2,circuit0086.qasm,12,0,0,✓,35
FK12,malicious,0.2,circuit8242.qasm,4,1,1,✓,62
FK12,malicious,0.2,circuit0662.qasm,3,0,0,✓,44
FK12,malicious,0.25,circuit8024.qasm,13,0,1,✗,49
FK12,malicious,0.2,circuit8036.qasm,8,1,1,✓,58
FK12,malicious,0.2,circuit6104.qasm,5,0,0,✓,41
FK12,malicious,0.2,circuit7197.qasm,8,1,1,✓,64
FK12,malicious,0.2,circuit8725.qasm,9,0,0,✓,47
FK12,malicious,0.2,circuit1665.qasm,8,0,0,✓,42
FK12,malicious,0.2,circuit8433.qasm,11,0,0,✓,34
FK12,malicious,0.2,circuit0499.qasm,7,1,1,✓,71
FK12,malicious,0.2,circuit6424.qasm,10,0,0,✓,38
FK12,malicious,0.2,circuit5432.qasm,6,0,0,✓,33
FK12,malicious,0.2,circuit0581.qasm,12,1,1,✓,63
FK12,malicious,0.2,circuit5104.qasm,8,1,1,✓,62
FK12,malicious,0.2,circuit5516.qasm,7,0,0,✓,40
FK12,malicious,0.2,circuit9081.qasm,11,1,1,✓,64
FK12,malicious,0.2,circuit8389.qasm,4,0,0,✓,40
FK12,malicious,0.2,circuit2424.qasm,7,1,1,✓,53
FK12,malicious,0.2,circuit9451.qasm,5,1,1,✓,62
FK12,malicious,0.2,circuit2204.qasm,9,0,0,✓,42
FK12,malicious,0.2,circuit6474.qasm,8,1,1,✓,72
FK12,malicious,0.2,circuit9803.qasm,5,0,0,✓,41
FK12,malicious,0.2,circuit8753.qasm,10,0,0,✓,43
FK12,malicious,0.2,circuit8024.qasm,6,1,1,✓,61
FK12,malicious,0.2,circuit8579.qasm,10,1,1,✓,58
FK12,malicious,0.25,circuit8232.qasm,9,0,0,✓,39
FK12,malicious,0.25,circuit6388.qasm,10,0,0,✓,42
FK12,malicious,0.25,circuit2696.qasm,12,1,1,✓,55
FK12,malicious,0.25,circuit4079.qasm,12,0,0,✓,40
FK12,malicious,0.25,circuit6547.qasm,9,0,0,✓,43
FK12,malicious,0.25,circuit9107.qasm,12,0,0,✓,44
FK12,malicious,0.25,circuit4871.qasm,12,1,1,✓,67
FK12,malicious,0.3,circuit8232.qasm,16,0,0,✓,39
FK12,malicious,0.3,circuit6388.qasm,16,0,0,✓,40
FK12,malicious,0.3,circuit2696.qasm,12,1,1,✓,53
FK12,malicious,0.25,circuit8380.qasm,11,0,0,✓,44
FK12,malicious,0.3,circuit9107.qasm,13,0,0,✓,45
FK12,malicious,0.3,circuit0255.qasm,12,1,0,✗,51
FK12,malicious,0.25,circuit5679.qasm,11,1,1,✓,60
FK12,malicious,0.25,circuit5607.qasm,6,1,1,✓,61
FK12,malicious,0.25,circuit3191.qasm,6,1,1,✓,57
FK12,malicious,0.25,circuit0302.qasm,14,1,1,✓,62
FK12,malicious,0.3,circuit2264.qasm,10,0,0,✓,41
FK12,malicious,0.25,circuit7587.qasm,15,1,1,✓,59
FK12,malicious,0.3,circuit8380.qasm,12,0,0,✓,39
FK12,malicious,0.25,circuit0905.qasm,10,1,1,✓,71
FK12,malicious,0.25,circuit0255.qasm,13,0,0,✓,39
FK12,malicious,0.25,circuit4703.qasm,4,1,1,✓,57
FK12,malicious,0.25,circuit2419.qasm,11,1,1,✓,56
FK12,malicious,0.25,circuit8253.qasm,10,1,1,✓,53
FK12,malicious,0.25,circuit6067.qasm,13,1,1,✓,62
FK12,malicious,0.3,circuit6067.qasm,13,1,1,✓,53
FK12,malicious,0.25,circuit6124.qasm,14,0,0,✓,43
FK12,malicious,0.25,circuit0730.qasm,20,1,1,✓,55
FK12,malicious,0.25,circuit5565.qasm,10,1,1,✓,59
FK12,malicious,0.25,circuit1864.qasm,9,0,1,✗,49
FK12,malicious,0.25,circuit1480.qasm,8,1,1,✓,51
FK12,malicious,0.25,circuit7242.qasm,12,1,1,✓,65
FK12,malicious,0.25,circuit2886.qasm,12,1,1,✓,65
FK12,malicious,0.25,circuit7101.qasm,11,1,1,✓,64
FK12,malicious,0.25,circuit8326.qasm,11,0,0,✓,39
FK12,malicious,0.25,circuit2715.qasm,9,1,0,✗,52
FK12,malicious,0.25,circuit8043.qasm,8,0,0,✓,41
FK12,malicious,0.25,circuit7947.qasm,7,1,1,✓,68
FK12,malicious,0.25,circuit6663.qasm,12,0,0,✓,39
FK12,malicious,0.25,circuit3387.qasm,10,1,1,✓,58
FK12,malicious,0.25,circuit7085.qasm,12,0,0,✓,35
FK12,malicious,0.25,circuit9678.qasm,15,1,1,✓,67
FK12,malicious,0.25,circuit2244.qasm,15,1,1,✓,66
FK12,malicious,0.25,circuit4932.qasm,11,1,1,✓,60
FK12,malicious,0.3,circuit2471.qasm,15,0,0,✓,48
FK12,malicious,0.25,circuit3840.qasm,14,0,0,✓,37
FK12,malicious,0.25,circuit3047.qasm,10,1,1,✓,65
FK12,malicious,0.25,circuit8556.qasm,7,0,0,✓,34
FK12,malicious,0.25,circuit6734.qasm,9,1,1,✓,58
FK12,malicious,0.3,circuit3498.qasm,9,0,0,✓,43
FK12,malicious,0.25,circuit8100.qasm,8,0,0,✓,42
FK12,malicious,0.25,circuit7799.qasm,13,0,0,✓,37
FK12,malicious,0.25,circuit3751.qasm,11,1,1,✓,58
FK12,malicious,0.25,circuit2017.qasm,12,1,1,✓,58
FK12,malicious,0.25,circuit5383.qasm,15,0,0,✓,44
FK12,malicious,0.25,circuit5296.qasm,9,1,1,✓,57
FK12,malicious,0.3,circuit4708.qasm,10,1,1,✓,56
FK12,malicious,0.3,circuit4909.qasm,13,0,0,✓,49
FK12,malicious,0.25,circuit2587.qasm,16,1,1,✓,63
FK12,malicious,0.25,circuit9638.qasm,10,0,0,✓,45
FK12,malicious,0.25,circuit0742.qasm,6,1,1,✓,59
FK12,malicious,0.25,circuit3589.qasm,6,0,0,✓,39
FK12,malicious,0.25,circuit0571.qasm,15,0,0,✓,43
FK12,malicious,0.3,circuit8579.qasm,15,0,1,✗,48
FK12,malicious,0.1,circuit5516.qasm,3,0,0,✓,43
FK12,malicious,0.3,circuit6104.qasm,16,0,0,✓,42
FK12,malicious,0.3,circuit8036.qasm,13,1,1,✓,53
FK12,malicious,0.3,circuit0581.qasm,11,1,1,✓,56
FK12,malicious,0.1,circuit6474.qasm,1,1,1,✓,69
FK12,malicious,0.1,circuit2424.qasm,3,1,1,✓,58
FK12,malicious,0.1,circuit9451.qasm,6,1,1,✓,63
FK12,malicious,0.35,circuit0302.qasm,13,1,1,✓,53
FK12,malicious,0.25,circuit2971.qasm,15,1,1,✓,59
FK12,malicious,0.25,circuit5613.qasm,8,0,0,✓,42
FK12,malicious,0.1,circuit1665.qasm,5,0,0,✓,37
FK12,malicious,0.25,circuit8891.qasm,13,0,0,✓,42
FK12,malicious,0.1,circuit5104.qasm,4,1,1,✓,62
FK12,malicious,0.25,circuit3498.qasm,10,0,0,✓,44
FK12,malicious,0.25,circuit4099.qasm,16,1,1,✓,58
FK12,malicious,0.25,circuit3783.qasm,13,1,1,✓,57
FK12,malicious,0.25,circuit0086.qasm,12,0,0,✓,38
FK12,malicious,0.25,circuit8242.qasm,9,1,1,✓,60
FK12,malicious,0.35,circuit4002.qasm,13,1,1,✓,54
FK12,malicious,0.1,circuit8579.qasm,4,1,1,✓,62
FK12,malicious,0.3,circuit1737.qasm,13,1,1,✓,60
FK12,malicious,0.25,circuit9081.qasm,12,1,1,✓,65
FK12,malicious,0.25,circuit0662.qasm,8,0,0,✓,35
FK12,malicious,0.25,circuit0427.qasm,11,0,0,✓,46
FK12,malicious,0.1,circuit9803.qasm,5,1,0,✗,51
FK12,malicious,0.25,circuit8036.qasm,15,1,1,✓,59
FK12,malicious,0.25,circuit6424.qasm,17,0,0,✓,38
FK12,malicious,0.25,circuit8725.qasm,16,0,0,✓,42
FK12,malicious,0.25,circuit5104.qasm,10,1,1,✓,57
FK12,malicious,0.25,circuit6104.qasm,10,0,0,✓,41
FK12,malicious,0.25,circuit0499.qasm,9,1,1,✓,62
FK12,malicious,0.25,circuit7197.qasm,9,1,1,✓,59
FK12,malicious,0.25,circuit4909.qasm,14,0,0,✓,48
FK12,malicious,0.25,circuit1665.qasm,9,0,0,✓,49
FK12,malicious,0.25,circuit5516.qasm,16,0,0,✓,36
FK12,malicious,0.25,circuit5432.qasm,8,0,0,✓,41
FK12,malicious,0.25,circuit8389.qasm,12,0,0,✓,38
FK12,malicious,0.25,circuit2424.qasm,10,1,1,✓,53
FK12,malicious,0.25,circuit2204.qasm,12,0,0,✓,36
FK12,malicious,0.25,circuit9451.qasm,12,1,1,✓,59
FK12,malicious,0.25,circuit6474.qasm,13,1,1,✓,62
FK12,malicious,0.25,circuit8753.qasm,11,0,0,✓,45
FK12,malicious,0.25,circuit9803.qasm,16,0,0,✓,45
FK12,malicious,0.3,circuit0662.qasm,14,0,0,✓,43
FK12,malicious,0.25,circuit8579.qasm,5,1,1,✓,64
FK12,malicious,0.35,circuit7242.qasm,19,0,1,✗,45
FK12,malicious,0.3,circuit4079.qasm,13,0,0,✓,47
FK12,malicious,0.3,circuit6547.qasm,14,0,0,✓,39
FK12,malicious,0.3,circuit5565.qasm,18,1,1,✓,58
FK12,malicious,0.3,circuit8326.qasm,10,0,0,✓,42
FK12,malicious,0.3,circuit4932.qasm,10,1,1,✓,64
FK12,malicious,0.35,circuit2696.qasm,19,1,1,✓,54
FK12,malicious,0.3,circuit7085.qasm,14,0,0,✓,42
FK12,malicious,0.35,circuit9107.qasm,15,0,0,✓,42
FK12,malicious,0.3,circuit2017.qasm,12,1,1,✓,53
FK12,malicious,0.3,circuit3840.qasm,12,0,0,✓,40
FK12,malicious,0.35,circuit8380.qasm,15,1,0,✗,50
FK12,malicious,0.35,circuit5607.qasm,17,1,1,✓,59
FK12,malicious,0.3,circuit6124.qasm,11,0,0,✓,49
FK12,malicious,0.3,circuit2343.qasm,12,0,0,✓,40
FK12,malicious,0.3,circuit4703.qasm,17,1,1,✓,71
FK12,malicious,0.3,circuit1864.qasm,7,1,1,✓,65
FK12,malicious,0.3,circuit2419.qasm,12,0,1,✗,49
FK12,malicious,0.3,circuit0730.qasm,10,1,1,✓,54
FK12,malicious,0.3,circuit7242.qasm,15,0,1,✗,46
FK12,malicious,0.3,circuit2715.qasm,11,0,0,✓,48
FK12,malicious,0.35,circuit9638.qasm,16,0,0,✓,49
FK12,malicious,0.3,circuit7947.qasm,14,1,1,✓,56
FK12,malicious,0.3,circuit2886.qasm,12,1,1,✓,56
FK12,malicious,0.3,circuit3387.qasm,16,1,1,✓,64
FK12,malicious,0.3,circuit1480.qasm,18,1,1,✓,56
FK12,malicious,0.3,circuit8043.qasm,9,0,0,✓,46
FK12,malicious,0.3,circuit7101.qasm,17,1,1,✓,67
FK12,malicious,0.3,circuit6663.qasm,10,1,0,✗,59
FK12,malicious,0.35,circuit3647.qasm,20,1,1,✓,58
FK12,malicious,0.3,circuit2244.qasm,14,1,1,✓,63
FK12,malicious,0.3,circuit9678.qasm,15,1,1,✓,55
FK12,malicious,0.3,circuit6734.qasm,12,1,1,✓,56
FK12,malicious,0.3,circuit3047.qasm,19,1,1,✓,61
FK12,malicious,0.35,circuit2419.qasm,16,1,1,✓,60
FK12,malicious,0.35,circuit2971.qasm,18,1,1,✓,53
FK12,malicious,0.35,circuit4703.qasm,15,1,1,✓,59
FK12,malicious,0.3,circuit8100.qasm,18,0,0,✓,46
FK12,malicious,0.3,circuit8556.qasm,11,0,0,✓,44
FK12,malicious,0.35,circuit0086.qasm,15,0,0,✓,39
FK12,malicious,0.3,circuit7799.qasm,13,0,0,✓,39
FK12,malicious,0.35,circuit5613.qasm,25,0,0,✓,38
FK12,malicious,0.35,circuit1737.qasm,18,1,1,✓,53
FK12,malicious,0.3,circuit5383.qasm,18,0,0,✓,40
FK12,malicious,0.3,circuit3751.qasm,13,1,1,✓,65
FK12,malicious,0.3,circuit5296.qasm,14,0,1,✗,47
FK12,malicious,0.3,circuit9638.qasm,11,0,0,✓,44
FK12,malicious,0.3,circuit2587.qasm,16,1,1,✓,59
FK12,malicious,0.3,circuit0571.qasm,11,1,0,✗,50
FK12,malicious,0.3,circuit0742.qasm,11,1,1,✓,52
FK12,malicious,0.3,circuit9367.qasm,10,1,1,✓,57
FK12,malicious,0.3,circuit3589.qasm,12,0,0,✓,36
FK12,malicious,0.3,circuit5028.qasm,13,0,0,✓,39
FK12,malicious,0.35,circuit3498.qasm,13,1,0,✗,59
FK12,malicious,0.3,circuit3647.qasm,9,1,1,✓,60
FK12,malicious,0.3,circuit5613.qasm,10,0,0,✓,36
FK12,malicious,0.3,circuit2971.qasm,17,1,1,✓,63
FK12,malicious,0.35,circuit0662.qasm,20,0,0,✓,38
FK12,malicious,0.35,circuit2471.qasm,16,0,0,✓,48
FK12,malicious,0.35,circuit8891.qasm,16,1,0,✗,55
FK12,malicious,0.3,circuit3669.qasm,16,0,0,✓,36
FK12,malicious,0.3,circuit3191.qasm,18,1,1,✓,63
FK12,malicious,0.3,circuit5679.qasm,15,1,1,✓,53
FK12,malicious,0.3,circuit5607.qasm,12,1,1,✓,56
FK12,malicious,0.3,circuit8891.qasm,13,0,0,✓,49
FK12,malicious,0.3,circuit0302.qasm,12,1,1,✓,53
FK12,malicious,0.3,circuit3783.qasm,12,1,1,✓,55
FK12,malicious,0.3,circuit4099.qasm,10,1,1,✓,53
FK12,malicious,0.3,circuit0086.qasm,16,0,0,✓,37
FK12,malicious,0.3,circuit8242.qasm,15,1,1,✓,54
FK12,malicious,0.35,circuit0581.qasm,17,1,1,✓,60
FK12,malicious,0.3,circuit0427.qasm,16,0,0,✓,45
FK12,malicious,0.3,circuit8725.qasm,15,0,0,✓,48
FK12,malicious,0.3,circuit6424.qasm,10,0,0,✓,38
FK12,malicious,0.3,circuit7197.qasm,16,1,1,✓,60
FK12,malicious,0.3,circuit8433.qasm,13,0,0,✓,42
FK12,malicious,0.3,circuit0499.qasm,17,1,1,✓,50
FK12,malicious,0.3,circuit5104.qasm,16,1,1,✓,53
FK12,malicious,0.3,circuit1665.qasm,13,0,0,✓,41
FK12,malicious,0.3,circuit9081.qasm,14,1,1,✓,57
FK12,malicious,0.3,circuit5516.qasm,11,0,0,✓,47
FK12,malicious,0.35,circuit3669.qasm,15,0,0,✓,45
FK12,malicious,0.3,circuit5432.qasm,14,0,0,✓,43
FK12,malicious,0.3,circuit6474.qasm,15,1,1,✓,67
FK12,malicious,0.3,circuit9451.qasm,15,1,1,✓,53
FK12,malicious,0.3,circuit8389.qasm,20,0,0,✓,38
FK12,malicious,0.3,circuit2424.qasm,14,1,1,✓,54
FK12,malicious,0.3,circuit2204.qasm,15,0,0,✓,40
FK12,malicious,0.3,circuit8753.qasm,21,0,0,✓,45
FK12,malicious,0.3,circuit9803.qasm,15,1,0,✗,53
FK12,malicious,0.3,circuit8024.qasm,15,0,1,✗,49
FK12,malicious,0.35,circuit6547.qasm,20,1,0,✗,52
FK12,malicious,0.35,circuit6388.qasm,13,0,0,✓,45
FK12,malicious,0.35,circuit8232.qasm,15,0,0,✓,49
FK12,malicious,0.35,circuit4079.qasm,14,0,0,✓,49
FK12,malicious,0.35,circuit7077.qasm,16,1,1,✓,55
FK12,malicious,0.35,circuit2264.qasm,16,0,0,✓,45
FK12,malicious,0.35,circuit4871.qasm,16,1,1,✓,50
FK12,malicious,0.35,circuit0126.qasm,16,1,0,✗,50
FK12,malicious,0.35,circuit4611.qasm,16,0,0,✓,43
FK12,malicious,0.35,circuit6691.qasm,18,1,1,✓,56
FK12,malicious,0.35,circuit5679.qasm,18,1,1,✓,57
FK12,malicious,0.35,circuit3191.qasm,15,1,1,✓,58
FK12,malicious,0.4,circuit6124.qasm,20,1,0,✗,52
FK12,malicious,0.35,circuit7587.qasm,19,1,1,✓,52
FK12,malicious,0.35,circuit9611.qasm,19,1,1,✓,60
FK12,malicious,0.35,circuit8253.qasm,17,0,1,✗,45
FK12,malicious,0.35,circuit0255.qasm,18,0,0,✓,46
FK12,malicious,0.35,circuit6067.qasm,20,1,1,✓,51
FK12,malicious,0.35,circuit6124.qasm,18,0,0,✓,42
FK12,malicious,0.35,circuit2343.qasm,13,0,0,✓,35
FK12,malicious,0.35,circuit0905.qasm,13,1,1,✓,56
FK12,malicious,0.35,circuit5516.qasm,22,0,0,✓,44
FK12,malicious,0.4,circuit0742.qasm,24,1,1,✓,50
FK12,malicious,0.4,circuit0427.qasm,18,1,0,✗,56
FK12,malicious,0.4,circuit3647.qasm,19,1,1,✓,53
FK12,malicious,0.4,circuit7197.qasm,24,1,1,✓,61
FK12,malicious,0.35,circuit1864.qasm,14,1,1,✓,54
FK12,malicious,0.35,circuit0730.qasm,16,1,1,✓,59
FK12,malicious,0.4,circuit3498.qasm,15,1,0,✗,50
FK12,malicious,0.35,circuit5565.qasm,16,1,1,✓,59
FK12,malicious,0.4,circuit3783.qasm,24,1,1,✓,51
FK12,malicious,0.4,circuit6663.qasm,19,0,0,✓,45
FK12,malicious,0.35,circuit8326.qasm,16,0,0,✓,43
FK12,malicious,0.4,circuit0581.qasm,21,0,1,✗,46
FK12,malicious,0.35,circuit2715.qasm,22,1,0,✗,52
FK12,malicious,0.4,circuit0905.qasm,23,1,1,✓,52
FK12,malicious,0.4,circuit7587.qasm,28,0,1,✗,47
FK12,malicious,0.35,circuit1480.qasm,15,1,1,✓,50
FK12,malicious,0.35,circuit7101.qasm,15,1,1,✓,60
FK12,malicious,0.4,circuit8253.qasm,16,1,1,✓,53
FK12,malicious,0.35,circuit8043.qasm,18,0,0,✓,46
FK12,malicious,0.4,circuit8036.qasm,21,1,1,✓,51
FK12,malicious,0.35,circuit3387.qasm,19,1,1,✓,54
FK12,malicious,0.4,circuit6067.qasm,23,0,1,✗,48
FK12,malicious,0.35,circuit7947.qasm,14,0,1,✗,49
FK12,malicious,0.35,circuit6663.qasm,25,0,0,✓,45
FK12,malicious,0.4,circuit8433.qasm,26,1,0,✗,55
FK12,malicious,0.35,circuit2886.qasm,17,0,1,✗,48
FK12,malicious,0.35,circuit7085.qasm,10,0,0,✓,35
FK12,malicious,0.35,circuit2244.qasm,17,1,1,✓,54
FK12,malicious,0.35,circuit4932.qasm,16,1,1,✓,58
FK12,malicious,0.35,circuit4909.qasm,18,1,0,✗,54
FK12,malicious,0.35,circuit3840.qasm,14,1,0,✗,52
FK12,malicious,0.35,circuit3047.qasm,17,1,1,✓,54
FK12,malicious,0.35,circuit0427.qasm,16,1,0,✗,51
FK12,malicious,0.35,circuit6734.qasm,17,1,1,✓,57
FK12,malicious,0.35,circuit8100.qasm,26,1,0,✗,52
FK12,malicious,0.35,circuit9678.qasm,13,1,1,✓,52
FK12,malicious,0.35,circuit2017.qasm,17,1,1,✓,58
FK12,malicious,0.35,circuit8433.qasm,11,0,0,✓,48
FK12,malicious,0.35,circuit8036.qasm,17,1,1,✓,58
FK12,malicious,0.35,circuit8556.qasm,16,0,0,✓,49
FK12,malicious,0.35,circuit3751.qasm,13,1,1,✓,53
FK12,malicious,0.4,circuit5565.qasm,23,1,1,✓,55
FK12,malicious,0.35,circuit7799.qasm,15,0,0,✓,49
FK12,malicious,0.35,circuit6424.qasm,21,0,0,✓,37
FK12,malicious,0.35,circuit8725.qasm,20,0,0,✓,48
FK12,malicious,0.4,circuit8326.qasm,17,0,0,✓,47
FK12,malicious,0.4,circuit6474.qasm,25,1,1,✓,58
FK12,malicious,0.35,circuit5296.qasm,19,1,1,✓,54
FK12,malicious,0.35,circuit7197.qasm,21,1,1,✓,60
FK12,malicious,0.35,circuit2587.qasm,16,1,1,✓,54
FK12,malicious,0.35,circuit0499.qasm,17,1,1,✓,60
FK12,malicious,0.35,circuit1665.qasm,12,0,0,✓,44
FK12,malicious,0.35,circuit5104.qasm,13,1,1,✓,57
FK12,malicious,0.35,circuit5383.qasm,17,0,0,✓,44
FK12,malicious,0.35,circuit6104.qasm,11,0,0,✓,44
FK12,malicious,0.35,circuit0742.qasm,18,1,1,✓,63
FK12,malicious,0.35,circuit5432.qasm,19,0,0,✓,41
FK12,malicious,0.35,circuit2424.qasm,13,1,1,✓,59
FK12,malicious,0.35,circuit8753.qasm,16,0,0,✓,48
FK12,malicious,0.35,circuit0571.qasm,20,0,0,✓,40
FK12,malicious,0.35,circuit9081.qasm,18,1,1,✓,53
FK12,malicious,0.35,circuit6474.qasm,17,0,1,✗,47
FK12,malicious,0.35,circuit9451.qasm,18,1,1,✓,54
FK12,malicious,0.35,circuit9803.qasm,13,0,0,✓,45
FK12,malicious,0.35,circuit8389.qasm,24,0,0,✓,45
FK12,malicious,0.35,circuit2204.qasm,15,0,0,✓,47
FK12,malicious,0.35,circuit8579.qasm,18,1,1,✓,54
FK12,malicious,0.35,circuit8024.qasm,21,1,1,✓,51
FK12,malicious,0.4,circuit6547.qasm,21,0,0,✓,46
FK12,malicious,0.4,circuit6388.qasm,26,1,0,✗,50
FK12,malicious,0.4,circuit4079.qasm,19,0,0,✓,49
FK12,malicious,0.35,circuit3589.qasm,17,0,0,✓,44
FK12,malicious,0.4,circuit8232.qasm,21,1,0,✗,50
FK12,malicious,0.4,circuit9107.qasm,22,1,0,✗,56
FK12,malicious,0.4,circuit2696.qasm,22,1,1,✓,50
FK12,malicious,0.35,circuit9367.qasm,11,1,1,✓,55
FK12,malicious,0.4,circuit2264.qasm,25,0,0,✓,40
FK12,malicious,0.35,circuit5028.qasm,17,0,0,✓,47
FK12,malicious,0.4,circuit8380.qasm,22,0,0,✓,49
FK12,malicious,0.4,circuit7077.qasm,22,1,1,✓,54
FK12,malicious,0.4,circuit4871.qasm,20,0,1,✗,45
FK12,malicious,0.4,circuit4002.qasm,18,1,1,✓,53
FK12,malicious,0.4,circuit9611.qasm,24,0,1,✗,49
FK12,malicious,0.4,circuit5679.qasm,25,1,1,✓,54
FK12,malicious,0.4,circuit4611.qasm,24,0,0,✓,41
FK12,malicious,0.4,circuit6691.qasm,28,1,1,✓,55
FK12,malicious,0.4,circuit5607.qasm,17,1,1,✓,55
FK12,malicious,0.4,circuit0126.qasm,14,0,0,✓,49
FK12,malicious,0.4,circuit0302.qasm,25,1,1,✓,61
FK12,malicious,0.4,circuit3191.qasm,23,0,1,✗,48
FK12,malicious,0.4,circuit9803.qasm,21,0,0,✓,44
FK12,malicious,0.4,circuit0255.qasm,25,0,0,✓,44
FK12,malicious,0.5,circuit0255.qasm,22,1,0,✗,52
FK12,malicious,0.5,circuit5028.qasm,31,1,0,✗,52
FK12,malicious,0.4,circuit2343.qasm,24,0,0,✓,47
FK12,malicious,0.5,circuit8036.qasm,27,0,1,✗,45
FK12,malicious,0.4,circuit4703.qasm,23,1,1,✓,62
FK12,malicious,0.4,circuit2419.qasm,19,1,1,✓,55
FK12,malicious,0.4,circuit0730.qasm,21,1,1,✓,61
FK12,malicious,0.4,circuit1864.qasm,24,1,1,✓,50
FK12,malicious,0.5,circuit7799.qasm,29,1,0,✗,54
FK12,malicious,0.5,circuit0742.qasm,37,0,1,✗,47
FK12,malicious,0.5,circuit5613.qasm,24,0,0,✓,48
FK12,malicious,0.5,circuit2971.qasm,25,0,1,✗,47
FK12,malicious,0.4,circuit1480.qasm,19,0,1,✗,45
FK12,malicious,0.5,circuit4708.qasm,30,1,1,✓,55
FK12,malicious,0.5,circuit0905.qasm,18,0,1,✗,47
FK12,malicious,0.4,circuit7242.qasm,23,1,1,✓,53
FK12,malicious,0.4,circuit2715.qasm,19,0,0,✓,49
FK12,malicious,0.5,circuit8433.qasm,30,0,0,✓,44
FK12,malicious,0.4,circuit7101.qasm,26,0,1,✗,45
FK12,malicious,0.4,circuit7947.qasm,31,1,1,✓,57
FK12,malicious,0.4,circuit8043.qasm,28,0,0,✓,49
FK12,malicious,0.5,circuit9678.qasm,20,1,1,✓,50
FK12,malicious,0.5,circuit6424.qasm,28,1,0,✗,53
FK12,malicious,0.4,circuit2886.qasm,25,1,1,✓,51
FK12,malicious,0.4,circuit3387.qasm,26,1,1,✓,54
FK12,malicious,0.35,circuit3783.qasm,17,1,1,✓,58
FK12,malicious,0.4,circuit9678.qasm,27,1,1,✓,52
FK12,malicious,0.4,circuit7085.qasm,21,0,0,✓,49
FK12,malicious,0.35,circuit4099.qasm,25,1,1,✓,59
FK12,malicious,0.4,circuit2244.qasm,21,0,1,✗,49
FK12,malicious,0.4,circuit3840.qasm,21,0,0,✓,46
FK12,malicious,0.4,circuit3047.qasm,27,1,1,✓,58
FK12,malicious,0.4,circuit6734.qasm,27,0,1,✗,47
FK12,malicious,0.4,circuit4932.qasm,26,1,1,✓,61
FK12,malicious,0.4,circuit2017.qasm,23,1,1,✓,56
FK12,malicious,0.4,circuit8100.qasm,22,0,0,✓,41
FK12,malicious,0.4,circuit7799.qasm,21,0,0,✓,40
FK12,malicious,0.35,circuit8242.qasm,14,0,1,✗,46
FK12,malicious,0.4,circuit8556.qasm,21,0,0,✓,46
FK12,malicious,0.4,circuit3751.qasm,16,0,1,✗,47
FK12,malicious,0.4,circuit5383.qasm,26,0,0,✓,47
FK12,malicious,0.35,circuit4708.qasm,18,1,1,✓,53
FK12,malicious,0.4,circuit9638.qasm,24,1,0,✗,56
FK12,malicious,0.5,circuit0730.qasm,24,1,1,✓,51
FK12,malicious,0.5,circuit1864.qasm,27,0,1,✗,47
FK12,malicious,0.4,circuit3589.qasm,19,1,0,✗,58
FK12,malicious,0.4,circuit5296.qasm,23,1,1,✓,52
FK12,malicious,0.4,circuit0571.qasm,22,0,0,✓,45
FK12,malicious,0.4,circuit2587.qasm,21,1,1,✓,57
FK12,malicious,0.5,circuit2715.qasm,19,1,0,✗,51
FK12,malicious,0.5,circuit8389.qasm,21,1,0,✗,60
FK12,malicious,0.4,circuit9367.qasm,20,0,1,✗,47
FK12,malicious,0.5,circuit7242.qasm,28,0,1,✗,46
FK12,malicious,0.4,circuit5613.qasm,22,1,0,✗,52
FK12,malicious,0.4,circuit2971.qasm,27,1,1,✓,63
FK12,malicious,0.4,circuit1737.qasm,13,1,1,✓,52
FK12,malicious,0.4,circuit5028.qasm,20,0,0,✓,49
FK12,malicious,0.4,circuit8891.qasm,16,1,0,✗,55
FK12,malicious,0.4,circuit3669.qasm,21,1,0,✗,50
FK12,malicious,0.4,circuit2471.qasm,24,1,0,✗,51
FK12,malicious,0.4,circuit4099.qasm,22,1,1,✓,51
FK12,malicious,0.4,circuit8242.qasm,18,1,1,✓,54
FK12,malicious,0.4,circuit4909.qasm,19,1,0,✗,53
FK12,malicious,0.4,circuit4708.qasm,21,1,1,✓,57
FK12,malicious,0.4,circuit0086.qasm,26,1,0,✗,51
FK12,malicious,0.5,circuit2587.qasm,24,0,1,✗,42
FK12,malicious,0.25,circuit9367.qasm,11,0,1,✗,46
FK12,malicious,0.5,circuit0571.qasm,24,1,0,✗,54
FK12,malicious,0.25,circuit5028.qasm,12,0,0,✓,30
FK12,malicious,0.5,circuit2343.qasm,20,1,0,✗,55
FK12,malicious,0.25,circuit1737.qasm,4,1,1,✓,58
FK12,malicious,0.25,circuit3647.qasm,11,1,1,✓,55
FK12,malicious,0.5,circuit2419.qasm,29,0,1,✗,45
FK12,malicious,0.5,circuit4703.qasm,26,0,1,✗,43
FK12,malicious,0.6,circuit8043.qasm,30,1,0,✗,53
FK12,malicious,0.5,circuit5565.qasm,25,1,1,✓,51
FK12,malicious,0.4,circuit5104.qasm,20,1,1,✓,54
FK12,malicious,0.5,circuit8326.qasm,21,1,0,✗,57
FK12,malicious,0.25,circuit2471.qasm,13,0,0,✓,40
FK12,malicious,0.5,circuit1480.qasm,20,0,1,✗,47
FK12,malicious,0.25,circuit3669.qasm,9,0,0,✓,46
FK12,malicious,0.4,circuit6104.qasm,15,0,0,✓,46
FK12,malicious,0.4,circuit5432.qasm,21,0,0,✓,46
FK12,malicious,0.6,circuit6663.qasm,35,0,0,✓,49
FK12,malicious,0.4,circuit9081.qasm,18,0,1,✗,48
FK12,malicious,0.4,circuit2424.qasm,25,1,1,✓,58
FK12,malicious,0.6,circuit2343.qasm,37,1,0,✗,50
FK12,malicious,0.4,circuit8389.qasm,26,0,0,✓,45
FK12,malicious,0.4,circuit9451.qasm,17,1,1,✓,51
FK12,malicious,0.25,circuit8433.qasm,13,0,0,✓,41
FK12,malicious,0.4,circuit2204.qasm,24,1,0,✗,50
FK12,malicious,0.6,circuit7101.qasm,31,0,1,✗,42
FK12,malicious,0.4,circuit8024.qasm,20,0,1,✗,45
FK12,malicious,0.4,circuit8579.qasm,16,1,1,✓,54
FK12,malicious,0.6,circuit8232.qasm,34,1,0,✗,54
FK12,malicious,0.5,circuit6547.qasm,32,1,0,✗,53
FK12,malicious,0.6,circuit2244.qasm,19,0,1,✗,49
FK12,malicious,0.6,circuit7947.qasm,36,0,1,✗,46
FK12,malicious,0.5,circuit8043.qasm,32,0,0,✓,45
FK12,malicious,0.5,circuit7101.qasm,25,0,1,✗,38
FK12,malicious,0.5,circuit7947.qasm,27,0,1,✗,44
FK12,malicious,0.5,circuit2696.qasm,25,0,1,✗,47
FK12,malicious,0.5,circuit8232.qasm,24,1,0,✗,52
FK12,malicious,0.5,circuit6388.qasm,23,0,0,✓,49
FK12,malicious,0.6,circuit9678.qasm,36,1,1,✓,50
FK12,malicious,0.25,circuit0581.qasm,14,1,1,✓,64
FK12,malicious,0.6,circuit3840.qasm,28,0,0,✓,48
FK12,malicious,0.5,circuit6663.qasm,23,1,0,✗,50
FK12,malicious,0.5,circuit2886.qasm,32,1,1,✓,52
FK12,malicious,0.5,circuit9107.qasm,29,1,0,✗,52
FK12,malicious,0.5,circuit3387.qasm,35,1,1,✓,52
FK12,malicious,0.5,circuit7077.qasm,28,1,1,✓,52
FK12,malicious,0.5,circuit7085.qasm,28,0,0,✓,49
FK12,malicious,0.5,circuit2264.qasm,24,0,0,✓,46
FK12,malicious,0.5,circuit2244.qasm,25,1,1,✓,51
FK12,malicious,0.5,circuit8100.qasm,25,1,0,✗,56
FK12,malicious,0.5,circuit3047.qasm,26,0,1,✗,48
FK12,malicious,0.5,circuit4932.qasm,24,1,1,✓,62
FK12,malicious,0.5,circuit4871.qasm,29,1,1,✓,51
FK12,malicious,0.5,circuit6734.qasm,20,0,1,✗,46
FK12,malicious,0.5,circuit4002.qasm,18,1,1,✓,54
FK12,malicious,0.5,circuit3751.qasm,21,0,1,✗,41
FK12,malicious,0.5,circuit3840.qasm,28,1,0,✗,54
FK12,malicious,0.5,circuit2017.qasm,18,1,1,✓,51
FK12,malicious,0.5,circuit8556.qasm,29,0,0,✓,49
FK12,malicious,0.5,circuit5383.qasm,26,0,0,✓,48
FK12,malicious,0.6,circuit9638.qasm,31,1,0,✗,52
FK12,malicious,0.5,circuit6691.qasm,22,0,1,✗,43
FK12,malicious,0.5,circuit8380.qasm,23,1,0,✗,53
FK12,malicious,0.5,circuit4611.qasm,31,1,0,✗,57
FK12,malicious,0.5,circuit5296.qasm,26,0,1,✗,43
FK12,malicious,0.5,circuit9611.qasm,24,0,1,✗,40
FK12,malicious,0.5,circuit9638.qasm,18,0,0,✓,43
FK12,malicious,0.5,circuit0126.qasm,35,1,0,✗,52
FK12,malicious,0.5,circuit9367.qasm,32,0,1,✗,45
FK12,malicious,0.6,circuit3589.qasm,39,1,0,✗,58
FK12,malicious,0.5,circuit3589.qasm,32,0,0,✓,48
FK12,malicious,0.5,circuit3647.qasm,17,1,1,✓,50
FK12,malicious,0.5,circuit1737.qasm,28,0,1,✗,40
FK12,malicious,0.5,circuit8891.qasm,29,1,0,✗,56
FK12,malicious,0.5,circuit0086.qasm,29,0,0,✓,48
FK12,malicious,0.5,circuit2471.qasm,28,1,0,✗,58
FK12,malicious,0.5,circuit4909.qasm,27,0,0,✓,44
FK12,malicious,0.5,circuit3783.qasm,23,1,1,✓,54
FK12,malicious,0.5,circuit8242.qasm,38,1,1,✓,50
FK12,malicious,0.5,circuit5679.qasm,22,1,1,✓,54
FK12,malicious,0.5,circuit3669.qasm,26,1,0,✗,50
FK12,malicious,0.5,circuit3498.qasm,29,0,0,✓,48
FK12,malicious,0.5,circuit4099.qasm,25,1,1,✓,50
FK12,malicious,0.6,circuit4932.qasm,29,0,1,✗,48
FK12,malicious,0.5,circuit0662.qasm,33,0,0,✓,47
FK12,malicious,0.5,circuit0427.qasm,28,1,0,✗,61
FK12,malicious,0.5,circuit3191.qasm,27,0,1,✗,49
FK12,malicious,0.6,circuit7242.qasm,32,0,1,✗,45
FK12,malicious,0.5,circuit0581.qasm,31,0,1,✗,47
FK12,malicious,0.5,circuit5607.qasm,31,0,1,✗,48
FK12,malicious,0.5,circuit0302.qasm,30,0,1,✗,49
FK12,malicious,0.5,circuit7587.qasm,40,0,1,✗,49
FK12,malicious,0.5,circuit8725.qasm,32,0,0,✓,45
FK12,malicious,0.6,circuit6424.qasm,28,0,0,✓,48
FK12,malicious,0.5,circuit8253.qasm,31,1,1,✓,51
FK12,malicious,0.5,circuit6104.qasm,24,0,0,✓,47
FK12,malicious,0.5,circuit6067.qasm,23,0,1,✗,49
FK12,malicious,0.5,circuit6124.qasm,27,0,0,✓,44
FK12,malicious,0.5,circuit5516.qasm,27,1,0,✗,54
FK12,malicious,0.5,circuit5432.qasm,24,1,0,✗,51
FK12,malicious,0.5,circuit2424.qasm,27,0,1,✗,34
FK12,malicious,0.5,circuit9081.qasm,34,0,1,✗,48
FK12,malicious,0.6,circuit2017.qasm,30,0,1,✗,41
FK12,malicious,0.6,circuit8100.qasm,30,1,0,✗,59
FK12,malicious,0.7,circuit1864.qasm,35,0,1,✗,47
FK12,malicious,0.5,circuit9451.qasm,23,1,1,✓,52
FK12,malicious,0.6,circuit3751.qasm,24,0,1,✗,45
FK12,malicious,0.6,circuit2587.qasm,25,0,1,✗,41
FK12,malicious,0.7,circuit0730.qasm,39,0,1,✗,49
FK12,malicious,0.5,circuit6474.qasm,27,0,1,✗,48
FK12,malicious,0.5,circuit2204.qasm,31,1,0,✗,51
FK12,malicious,0.5,circuit8024.qasm,23,0,1,✗,46
FK12,malicious,0.5,circuit8753.qasm,24,0,0,✓,44
FK12,malicious,0.5,circuit9803.qasm,28,1,0,✗,53
FK12,malicious,0.5,circuit8579.qasm,23,0,1,✗,46
FK12,malicious,0.6,circuit6547.qasm,29,1,0,✗,61
FK12,malicious,0.6,circuit4079.qasm,32,1,0,✗,50
FK12,malicious,0.6,circuit6388.qasm,28,1,0,✗,59
FK12,malicious,0.6,circuit0427.qasm,31,0,0,✓,44
FK12,malicious,0.6,circuit2696.qasm,25,0,1,✗,49
FK12,malicious,0.6,circuit8433.qasm,31,1,0,✗,60
FK12,malicious,0.6,circuit2264.qasm,35,1,0,✗,54
FK12,malicious,0.6,circuit8380.qasm,24,1,0,✗,57
FK12,malicious,0.6,circuit9107.qasm,34,0,0,✓,49
FK12,malicious,0.6,circuit4871.qasm,32,0,1,✗,42
FK12,malicious,0.6,circuit7077.qasm,30,0,1,✗,47
FK12,malicious,0.7,circuit4703.qasm,26,1,1,✓,52
FK12,malicious,0.7,circuit7101.qasm,29,0,1,✗,47
FK12,malicious,0.6,circuit6691.qasm,34,0,1,✗,49
FK12,malicious,0.6,circuit4002.qasm,36,1,1,✓,56
FK12,malicious,0.7,circuit7947.qasm,32,0,1,✗,43
FK12,malicious,0.7,circuit3387.qasm,38,0,1,✗,43
FK12,malicious,0.6,circuit0126.qasm,33,1,0,✗,56
FK12,malicious,0.7,circuit8043.qasm,33,1,0,✗,61
FK12,malicious,0.7,circuit6663.qasm,35,1,0,✗,55
FK12,malicious,0.6,circuit9611.qasm,29,0,1,✗,40
FK12,malicious,0.6,circuit4611.qasm,35,1,0,✗,50
FK12,malicious,0.6,circuit5679.qasm,30,1,1,✓,51
FK12,malicious,0.6,circuit5607.qasm,28,0,1,✗,42
FK12,malicious,0.6,circuit3191.qasm,37,0,1,✗,46
FK12,malicious,0.6,circuit0302.qasm,19,1,1,✓,53
FK12,malicious,0.7,circuit4932.qasm,29,0,1,✗,45
FK12,malicious,0.6,circuit7587.qasm,31,1,1,✓,50
FK12,malicious,0.6,circuit0905.qasm,28,1,1,✓,50
FK12,malicious,0.6,circuit6067.qasm,30,0,1,✗,42
FK12,malicious,0.6,circuit5613.qasm,24,1,0,✗,53
FK12,malicious,0.6,circuit0255.qasm,35,0,0,✓,43
FK12,malicious,0.7,circuit8100.qasm,45,1,0,✗,52
FK12,malicious,0.6,circuit8253.qasm,33,1,1,✓,50
FK12,malicious,0.6,circuit2419.qasm,29,1,1,✓,53
FK12,malicious,0.7,circuit2343.qasm,33,0,0,✓,48
FK12,malicious,0.6,circuit6124.qasm,29,1,0,✗,50
FK12,malicious,0.6,circuit8891.qasm,22,0,0,✓,43
FK12,malicious,0.6,circuit4703.qasm,27,0,1,✗,46
FK12,malicious,0.6,circuit1864.qasm,38,1,1,✓,52
FK12,malicious,0.6,circuit0086.qasm,29,1,0,✗,52
FK12,malicious,0.5,circuit0499.qasm,25,0,1,✗,49
FK12,malicious,0.6,circuit0730.qasm,30,0,1,✗,47
FK12,malicious,0.6,circuit8242.qasm,32,0,1,✗,48
FK12,malicious,0.5,circuit7197.qasm,28,1,1,✓,51
FK12,malicious,0.6,circuit5565.qasm,34,1,1,✓,50
FK12,malicious,0.6,circuit0581.qasm,22,0,1,✗,42
FK12,malicious,0.6,circuit8036.qasm,32,0,1,✗,41
FK12,malicious,0.6,circuit8326.qasm,24,1,0,✗,53
FK12,malicious,0.6,circuit1480.qasm,29,0,1,✗,40
FK12,malicious,0.6,circuit2715.qasm,30,0,0,✓,43
FK12,malicious,0.5,circuit5104.qasm,29,0,1,✗,47
FK12,malicious,0.5,circuit1665.qasm,28,0,0,✓,48
FK12,malicious,0.7,circuit2017.qasm,32,0,1,✗,42
FK12,malicious,0.7,circuit0662.qasm,37,1,0,✗,58
FK12,malicious,0.6,circuit0499.qasm,26,0,1,✗,47
FK12,malicious,0.6,circuit2886.qasm,35,0,1,✗,45
FK12,malicious,0.6,circuit5104.qasm,32,0,1,✗,44
FK12,malicious,0.6,circuit6104.qasm,21,1,0,✗,55
FK12,malicious,0.7,circuit2244.qasm,37,0,1,✗,47
FK12,malicious,0.6,circuit1665.qasm,30,1,0,✗,51
FK12,malicious,0.8,circuit4079.qasm,40,1,0,✗,53
FK12,malicious,0.6,circuit5516.qasm,35,1,0,✗,56
FK12,malicious,0.6,circuit7085.qasm,31,1,0,✗,57
FK12,malicious,0.6,circuit3387.qasm,31,0,1,✗,43
FK12,malicious,0.6,circuit2424.qasm,34,1,1,✓,52
FK12,malicious,0.6,circuit8389.qasm,29,1,0,✗,59
FK12,malicious,0.6,circuit9451.qasm,28,0,1,✗,48
FK12,malicious,0.6,circuit6474.qasm,38,0,1,✗,45
FK12,malicious,0.6,circuit8753.qasm,31,0,0,✓,46
FK12,malicious,0.6,circuit6734.qasm,35,0,1,✗,49
FK12,malicious,0.6,circuit9803.qasm,24,1,0,✗,51
FK12,malicious,0.6,circuit8579.qasm,30,0,1,✗,48
FK12,malicious,0.7,circuit6388.qasm,40,1,0,✗,51
FK12,malicious,0.6,circuit3047.qasm,34,0,1,✗,49
FK12,malicious,0.7,circuit6547.qasm,35,1,0,✗,62
FK12,malicious,0.6,circuit8024.qasm,25,0,1,✗,40
FK12,malicious,0.8,circuit4002.qasm,41,0,1,✗,44
FK12,malicious,0.7,circuit4079.qasm,30,1,0,✗,56
FK12,malicious,0.7,circuit8232.qasm,38,1,0,✗,53
FK12,malicious,0.7,circuit9107.qasm,31,1,0,✗,60
FK12,malicious,0.6,circuit8556.qasm,33,1,0,✗,56
FK12,malicious,0.7,circuit2696.qasm,33,0,1,✗,43
FK12,malicious,0.6,circuit7799.qasm,33,1,0,✗,50
FK12,malicious,0.6,circuit5383.qasm,21,1,0,✗,53
FK12,malicious,0.7,circuit2264.qasm,29,1,0,✗,58
FK12,malicious,0.6,circuit5296.qasm,30,0,1,✗,48
FK12,malicious,0.7,circuit7077.qasm,31,0,1,✗,37
FK12,malicious,0.6,circuit0571.qasm,22,1,0,✗,51
FK12,malicious,0.7,circuit8380.qasm,37,0,0,✓,49
FK12,malicious,0.6,circuit0742.qasm,27,1,1,✓,50
FK12,malicious,0.7,circuit6691.qasm,39,0,1,✗,44
FK12,malicious,0.6,circuit9367.qasm,32,0,1,✗,47
FK12,malicious,0.6,circuit5028.qasm,33,1,0,✗,50
FK12,malicious,0.6,circuit3647.qasm,26,0,1,✗,48
FK12,malicious,0.6,circuit2971.qasm,32,0,1,✗,48
FK12,malicious,0.7,circuit4611.qasm,26,1,0,✗,67
FK12,malicious,0.7,circuit9611.qasm,32,0,1,✗,44
FK12,malicious,0.6,circuit1737.qasm,26,0,1,✗,45
FK12,malicious,0.7,circuit3191.qasm,31,0,1,✗,41
FK12,malicious,0.7,circuit0905.qasm,38,0,1,✗,38
FK12,malicious,0.7,circuit8253.qasm,32,0,1,✗,45
FK12,malicious,0.6,circuit3498.qasm,28,0,0,✓,48
FK12,malicious,0.7,circuit7587.qasm,31,0,1,✗,36
FK12,malicious,0.7,circuit5607.qasm,41,0,1,✗,41
FK12,malicious,0.7,circuit6067.qasm,33,0,1,✗,43
FK12,malicious,0.7,circuit0302.qasm,29,0,1,✗,40
FK12,malicious,0.6,circuit2471.qasm,30,1,0,✗,52
FK12,malicious,0.7,circuit4099.qasm,28,0,1,✗,44
FK12,malicious,0.6,circuit3669.qasm,29,1,0,✗,56
FK12,malicious,0.7,circuit0255.qasm,36,1,0,✗,52
FK12,malicious,0.7,circuit5679.qasm,33,1,1,✓,53
FK12,malicious,0.7,circuit3783.qasm,28,1,1,✓,50
FK12,malicious,0.7,circuit6124.qasm,32,1,0,✗,51
FK12,malicious,0.6,circuit4099.qasm,30,0,1,✗,48
FK12,malicious,0.6,circuit3783.qasm,26,1,1,✓,53
FK12,malicious,0.6,circuit0662.qasm,29,1,0,✗,50
FK12,malicious,0.6,circuit4708.qasm,27,0,1,✗,46
FK12,malicious,0.6,circuit4909.qasm,36,1,0,✗,61
FK12,malicious,0.8,circuit6067.qasm,42,0,1,✗,28
FK12,malicious,0.8,circuit2715.qasm,45,1,0,✗,51
FK12,malicious,0.8,circuit0302.qasm,41,0,1,✗,46
FK12,malicious,0.7,circuit2419.qasm,35,0,1,✗,37
FK12,malicious,0.7,circuit0427.qasm,38,1,0,✗,50
FK12,malicious,0.8,circuit6124.qasm,39,1,0,✗,62
FK12,malicious,0.7,circuit8036.qasm,32,0,1,✗,41
FK12,malicious,0.8,circuit8326.qasm,41,1,0,✗,53
FK12,malicious,0.8,circuit5383.qasm,49,1,0,✗,55
FK12,malicious,0.8,circuit9611.qasm,40,0,1,✗,46
FK12,malicious,0.7,circuit5565.qasm,33,1,1,✓,50
FK12,malicious,0.6,circuit8725.qasm,27,1,0,✗,55
FK12,malicious,0.6,circuit7197.qasm,31,0,1,✗,43
FK12,malicious,0.6,circuit5432.qasm,31,0,0,✓,48
FK12,malicious,0.7,circuit8326.qasm,34,1,0,✗,55
FK12,malicious,0.8,circuit3647.qasm,36,0,1,✗,35
FK12,malicious,0.7,circuit2715.qasm,34,1,0,✗,53
FK12,malicious,0.7,circuit1480.qasm,35,1,1,✓,52
FK12,malicious,0.7,circuit2204.qasm,35,1,0,✗,58
FK12,malicious,0.7,circuit8389.qasm,38,1,0,✗,51
FK12,malicious,0.6,circuit9081.qasm,28,0,1,✗,44
FK12,malicious,0.7,circuit7242.qasm,38,0,1,✗,49
FK12,malicious,0.6,circuit2204.qasm,29,1,0,✗,55
FK12,malicious,0.7,circuit2886.qasm,37,0,1,✗,39
FK12,malicious,0.7,circuit4871.qasm,33,0,1,✗,39
FK12,malicious,0.8,circuit8253.qasm,39,0,1,✗,43
FK12,malicious,0.7,circuit4002.qasm,38,0,1,✗,38
FK12,malicious,0.7,circuit9678.qasm,36,1,1,✓,52
FK12,malicious,0.7,circuit0126.qasm,34,0,0,✓,49
FK12,malicious,0.7,circuit7085.qasm,40,1,0,✗,51
FK12,malicious,0.8,circuit0427.qasm,34,1,0,✗,54
FK12,malicious,0.8,circuit6104.qasm,42,1,0,✗,65
FK12,malicious,0.8,circuit9803.qasm,42,1,0,✗,62
FK12,malicious,0.7,circuit3047.qasm,33,0,1,✗,45
FK12,malicious,0.7,circuit6734.qasm,29,0,1,✗,44
FK12,malicious,0.7,circuit3840.qasm,27,1,0,✗,55
FK12,malicious,0.7,circuit8556.qasm,39,1,0,✗,58
FK12,malicious,0.7,circuit7799.qasm,33,1,0,✗,54
FK12,malicious,0.9,circuit4079.qasm,46,1,0,✗,64
FK12,malicious,0.7,circuit5383.qasm,38,0,0,✓,48
FK12,malicious,0.7,circuit9638.qasm,38,0,0,✓,44
FK12,malicious,0.7,circuit2587.qasm,35,0,1,✗,36
FK12,malicious,0.7,circuit9367.qasm,36,1,1,✓,53
FK12,malicious,0.7,circuit0742.qasm,34,0,1,✗,44
FK12,malicious,0.7,circuit3589.qasm,37,1,0,✗,50
FK12,malicious,0.7,circuit0571.qasm,30,1,0,✗,57
FK12,malicious,0.7,circuit5028.qasm,36,1,0,✗,60
FK12,malicious,0.7,circuit8753.qasm,37,1,0,✗,59
FK12,malicious,0.7,circuit2971.qasm,28,0,1,✗,38
FK12,malicious,0.7,circuit3647.qasm,31,0,1,✗,31
FK12,malicious,0.7,circuit8579.qasm,39,1,1,✓,50
FK12,malicious,0.7,circuit1737.qasm,38,0,1,✗,45
FK12,malicious,0.7,circuit3669.qasm,35,1,0,✗,57
FK12,malicious,0.7,circuit8891.qasm,32,1,0,✗,57
FK12,malicious,0.8,circuit6547.qasm,39,1,0,✗,65
FK12,malicious,0.8,circuit6388.qasm,51,1,0,✗,64
FK12,malicious,0.8,circuit2696.qasm,50,0,1,✗,44
FK12,malicious,0.8,circuit4871.qasm,35,0,1,✗,35
FK12,malicious,0.7,circuit3498.qasm,39,1,0,✗,50
FK12,malicious,0.7,circuit8242.qasm,38,0,1,✗,37
FK12,malicious,0.7,circuit4909.qasm,27,1,0,✗,56
FK12,malicious,0.7,circuit0086.qasm,24,1,0,✗,52
FK12,malicious,0.7,circuit4708.qasm,35,0,1,✗,37
FK12,malicious,0.8,circuit8433.qasm,42,1,0,✗,64
FK12,malicious,0.7,circuit0581.qasm,32,1,1,✓,53
FK12,malicious,0.7,circuit6424.qasm,32,1,0,✗,65
FK12,malicious,0.7,circuit0499.qasm,33,0,1,✗,37
FK12,malicious,0.7,circuit8433.qasm,30,1,0,✗,70
FK12,malicious,0.7,circuit8725.qasm,31,1,0,✗,62
FK12,malicious,0.7,circuit7197.qasm,37,0,1,✗,45
FK12,malicious,0.7,circuit6104.qasm,37,1,0,✗,58
FK12,malicious,0.7,circuit5104.qasm,31,0,1,✗,41
FK12,malicious,0.9,circuit6067.qasm,52,0,1,✗,41
FK12,malicious,0.9,circuit6124.qasm,44,1,0,✗,61
FK12,malicious,0.9,circuit0905.qasm,46,0,1,✗,40
FK12,malicious,0.7,circuit5432.qasm,33,1,0,✗,58
FK12,malicious,0.7,circuit1665.qasm,31,0,0,✓,45
FK12,malicious,0.9,circuit4703.qasm,37,0,1,✗,35
FK12,malicious,0.7,circuit5516.qasm,28,1,0,✗,52
FK12,malicious,0.9,circuit2419.qasm,43,0,1,✗,36
FK12,malicious,0.7,circuit9081.qasm,35,0,1,✗,34
FK12,malicious,0.9,circuit7242.qasm,46,0,1,✗,44
FK12,malicious,0.7,circuit2424.qasm,32,0,1,✗,43
FK12,malicious,0.8,circuit2419.qasm,50,0,1,✗,44
FK12,malicious,0.4,circuit0662.qasm,25,0,0,✓,41
FK12,malicious,0.8,circuit7242.qasm,37,0,1,✗,38
FK12,malicious,0.8,circuit2343.qasm,32,1,0,✗,59
FK12,malicious,0.8,circuit4703.qasm,43,0,1,✗,49
FK12,malicious,0.8,circuit7101.qasm,42,0,1,✗,38
FK12,malicious,0.8,circuit7947.qasm,54,0,1,✗,43
FK12,malicious,0.8,circuit6474.qasm,45,0,1,✗,39
FK12,malicious,0.4,circuit6424.qasm,28,0,0,✓,43
FK12,malicious,0.8,circuit2886.qasm,44,1,1,✓,51
FK12,malicious,0.8,circuit8753.qasm,30,1,0,✗,52
FK12,malicious,0.8,circuit9678.qasm,49,0,1,✗,29
FK12,malicious,0.8,circuit7085.qasm,34,1,0,✗,66
FK12,malicious,0.8,circuit2244.qasm,54,0,1,✗,38
FK12,malicious,0.9,circuit7587.qasm,46,0,1,✗,37
FK12,malicious,0.8,circuit3840.qasm,43,1,0,✗,67
FK12,malicious,0.9,circuit3387.qasm,52,0,1,✗,29
FK12,malicious,0.8,circuit4932.qasm,37,0,1,✗,49
FK12,malicious,0.8,circuit8556.qasm,39,1,0,✗,57
FK12,malicious,0.8,circuit8100.qasm,34,1,0,✗,59
FK12,malicious,0.8,circuit7799.qasm,36,1,0,✗,65
FK12,malicious,0.8,circuit2017.qasm,43,0,1,✗,44
FK12,malicious,0.4,circuit0499.qasm,20,1,1,✓,54
FK12,malicious,0.7,circuit3751.qasm,39,1,1,✓,50
FK12,malicious,0.4,circuit8725.qasm,22,0,0,✓,46
FK12,malicious,0.8,circuit3751.qasm,37,0,1,✗,40
FK12,malicious,0.8,circuit3589.qasm,46,1,0,✗,61
FK12,malicious,0.7,circuit5296.qasm,38,0,1,✗,45
FK12,malicious,0.8,circuit0742.qasm,43,0,1,✗,43
FK12,malicious,0.8,circuit8579.qasm,49,0,1,✗,41
FK12,malicious,0.9,circuit6547.qasm,60,1,0,✗,57
FK12,malicious,0.8,circuit5028.qasm,34,1,0,✗,70
FK12,malicious,0.4,circuit5516.qasm,15,0,0,✓,49
FK12,malicious,0.8,circuit8232.qasm,37,1,0,✗,65
FK12,malicious,0.8,circuit2971.qasm,49,0,1,✗,38
FK12,malicious,0.4,circuit1665.qasm,23,0,0,✓,39
FK12,malicious,0.8,circuit5613.qasm,43,1,0,✗,57
FK12,malicious,0.7,circuit5613.qasm,36,1,0,✗,59
FK12,malicious,0.8,circuit8380.qasm,44,1,0,✗,53
FK12,malicious,0.8,circuit2264.qasm,41,1,0,✗,72
FK12,malicious,0.8,circuit1737.qasm,40,0,1,✗,44
FK12,malicious,0.8,circuit0126.qasm,41,1,0,✗,68
FK12,malicious,0.9,circuit3498.qasm,47,1,0,✗,55
FK12,malicious,0.8,circuit6691.qasm,39,0,1,✗,39
FK12,malicious,0.7,circuit2471.qasm,33,1,0,✗,58
FK12,malicious,0.9,circuit5104.qasm,47,0,1,✗,34
FK12,malicious,0.8,circuit2471.qasm,51,1,0,✗,52
FK12,malicious,0.8,circuit4708.qasm,46,0,1,✗,36
FK12,malicious,0.8,circuit3669.qasm,37,1,0,✗,62
FK12,malicious,0.8,circuit4099.qasm,43,0,1,✗,34
FK12,malicious,0.8,circuit3498.qasm,43,1,0,✗,52
FK12,malicious,0.4,circuit8753.qasm,18,0,0,✓,49
FK12,malicious,0.8,circuit3783.qasm,45,0,1,✗,48
FK12,malicious,0.8,circuit0662.qasm,41,1,0,✗,62
FK12,malicious,0.9,circuit3647.qasm,40,0,1,✗,35
FK12,malicious,0.8,circuit5679.qasm,39,0,1,✗,46
FK12,malicious,0.8,circuit4611.qasm,39,1,0,✗,61
FK12,malicious,0.8,circuit4909.qasm,37,0,0,✓,48
FK12,malicious,0.8,circuit6424.qasm,41,1,0,✗,64
FK12,malicious,0.8,circuit0581.qasm,38,0,1,✗,42
FK12,malicious,0.8,circuit8891.qasm,50,1,0,✗,60
FK12,malicious,0.8,circuit8242.qasm,39,0,1,✗,43
FK12,malicious,0.9,circuit9611.qasm,56,0,1,✗,39
FK12,malicious,0.8,circuit7587.qasm,39,0,1,✗,36
FK12,malicious,0.9,circuit6691.qasm,48,0,1,✗,32
FK12,malicious,0.8,circuit3191.qasm,42,0,1,✗,37
FK12,malicious,0.9,circuit5028.qasm,48,1,0,✗,59
FK12,malicious,0.8,circuit0905.qasm,35,0,1,✗,43
FK12,malicious,0.9,circuit9678.qasm,57,0,1,✗,35
FK12,malicious,0.8,circuit5104.qasm,38,0,1,✗,37
FK12,malicious,0.8,circuit0255.qasm,42,1,0,✗,61
FK12,malicious,0.8,circuit0730.qasm,37,0,1,✗,47
FK12,malicious,0.8,circuit1864.qasm,47,0,1,✗,47
FK12,malicious,0.8,circuit5565.qasm,35,0,1,✗,42
FK12,malicious,0.8,circuit8043.qasm,40,1,0,✗,60
FK12,malicious,0.5,circuit4079.qasm,25,1,0,✗,64
FK12,malicious,0.8,circuit6663.qasm,40,1,0,✗,58
FK12,malicious,0.8,circuit3387.qasm,38,0,1,✗,44
FK12,malicious,0.8,circuit3047.qasm,43,0,1,✗,47
FK12,malicious,0.8,circuit6734.qasm,37,0,1,✗,41
FK12,malicious,0.8,circuit5432.qasm,48,1,0,✗,60
FK12,malicious,0.8,circuit9638.qasm,40,0,0,✓,47
FK12,malicious,0.8,circuit2587.qasm,41,0,1,✗,34
FK12,malicious,0.8,circuit9367.qasm,40,0,1,✗,43
FK12,malicious,0.8,circuit5296.qasm,40,0,1,✗,41
FK12,malicious,0.8,circuit0571.qasm,36,1,0,✗,63
FK12,malicious,0.8,circuit9451.qasm,33,0,1,✗,39
FK12,malicious,0.8,circuit2424.qasm,36,1,1,✓,52
FK12,malicious,0.8,circuit8389.qasm,44,1,0,✗,63
FK12,malicious,0.8,circuit2204.qasm,53,1,0,✗,53
FK12,malicious,1,circuit4703.qasm,54,0,1,✗,39
FK12,malicious,1,circuit1864.qasm,51,0,1,✗,39
FK12,malicious,1,circuit5565.qasm,47,0,1,✗,32
FK12,malicious,0.8,circuit0086.qasm,45,1,0,✗,63
FK12,malicious,0.8,circuit8024.qasm,44,0,1,✗,45
FK12,malicious,1,circuit7242.qasm,46,0,1,✗,38
FK12,malicious,1,circuit7101.qasm,51,0,1,✗,29
FK12,malicious,1,circuit1480.qasm,47,0,1,✗,36
FK12,malicious,0.8,circuit8725.qasm,45,1,0,✗,62
FK12,malicious,0.8,circuit8036.qasm,40,0,1,✗,37
FK12,malicious,0.9,circuit8891.qasm,47,1,0,✗,64
FK12,malicious,0.9,circuit6663.qasm,37,1,0,✗,57
FK12,malicious,0.8,circuit0499.qasm,41,0,1,✗,33
FK12,malicious,0.8,circuit7197.qasm,46,0,1,✗,38
FK12,malicious,0.9,circuit6388.qasm,41,1,0,✗,65
FK12,malicious,0.9,circuit8232.qasm,46,1,0,✗,63
FK12,malicious,0.9,circuit3047.qasm,49,0,1,✗,34
FK12,malicious,0.9,circuit4871.qasm,53,0,1,✗,31
FK12,malicious,0.9,circuit7077.qasm,47,0,1,✗,38
FK12,malicious,0.9,circuit9107.qasm,44,1,0,✗,65
FK12,malicious,0.9,circuit2696.qasm,43,0,1,✗,30
FK12,malicious,0.9,circuit2017.qasm,48,0,1,✗,33
FK12,malicious,0.9,circuit2264.qasm,33,1,0,✗,66
FK12,malicious,0.9,circuit7799.qasm,49,1,0,✗,63
FK12,malicious,0.9,circuit9638.qasm,40,1,0,✗,57
FK12,malicious,0.9,circuit8380.qasm,44,1,0,✗,60
FK12,malicious,1,circuit7085.qasm,53,1,0,✗,69
FK12,malicious,0.9,circuit5296.qasm,44,0,1,✗,44
FK12,malicious,0.8,circuit1665.qasm,40,1,0,✗,62
FK12,malicious,0.9,circuit4002.qasm,40,0,1,✗,45
FK12,malicious,0.9,circuit4611.qasm,39,1,0,✗,58
FK12,malicious,0.8,circuit5516.qasm,38,1,0,✗,60
FK12,malicious,0.9,circuit3191.qasm,47,0,1,✗,40
FK12,malicious,0.9,circuit0126.qasm,44,1,0,✗,67
FK12,malicious,0.9,circuit0302.qasm,46,0,1,✗,38
FK12,malicious,0.9,circuit5607.qasm,42,0,1,✗,33
FK12,malicious,0.9,circuit5679.qasm,47,0,1,✗,43
FK12,malicious,1,circuit8043.qasm,50,1,0,✗,71
FK12,malicious,0.8,circuit9081.qasm,41,0,1,✗,39
FK12,malicious,0.9,circuit8253.qasm,46,0,1,✗,40
FK12,malicious,1,circuit1737.qasm,41,0,1,✗,38
FK12,malicious,1,circuit3589.qasm,50,1,0,✗,71
FK12,malicious,0.9,circuit0255.qasm,56,1,0,✗,60
FK12,malicious,0.9,circuit2343.qasm,40,1,0,✗,58
FK12,malicious,0.9,circuit5565.qasm,43,0,1,✗,36
FK12,malicious,0.9,circuit1864.qasm,55,0,1,✗,23
FK12,malicious,0.9,circuit0730.qasm,53,0,1,✗,44
FK12,malicious,1,circuit5607.qasm,54,0,1,✗,33
FK12,malicious,1,circuit0905.qasm,58,0,1,✗,30
FK12,malicious,0.9,circuit8326.qasm,52,1,0,✗,57
FK12,malicious,1,circuit0571.qasm,54,1,0,✗,72
FK12,malicious,0.9,circuit7101.qasm,46,0,1,✗,38
FK12,malicious,0.9,circuit2715.qasm,47,1,0,✗,51
FK12,malicious,0.9,circuit1480.qasm,51,0,1,✗,30
FK12,malicious,0.9,circuit8043.qasm,42,1,0,✗,67
FK12,malicious,1,circuit8326.qasm,43,1,0,✗,62
FK12,malicious,1,circuit2715.qasm,53,1,0,✗,53
FK12,malicious,0.9,circuit2244.qasm,50,0,1,✗,29
FK12,malicious,0.9,circuit7947.qasm,44,0,1,✗,33
FK12,malicious,0.9,circuit4932.qasm,47,0,1,✗,40
FK12,malicious,1,circuit0742.qasm,42,0,1,✗,39
FK12,malicious,0.9,circuit2886.qasm,38,0,1,✗,43
FK12,malicious,0.9,circuit7085.qasm,51,1,0,✗,69
FK12,malicious,0.9,circuit2971.qasm,44,0,1,✗,39
FK12,malicious,0.9,circuit6734.qasm,47,0,1,✗,45
FK12,malicious,0.9,circuit3669.qasm,43,1,0,✗,61
FK12,malicious,0.9,circuit2471.qasm,50,1,0,✗,65
FK12,malicious,0.9,circuit1737.qasm,50,0,1,✗,31
FK12,malicious,0.9,circuit3840.qasm,42,1,0,✗,52
FK12,malicious,0.9,circuit3783.qasm,43,0,1,✗,35
FK12,malicious,0.9,circuit8556.qasm,46,1,0,✗,60
FK12,malicious,0.9,circuit8242.qasm,42,1,1,✓,52
FK12,malicious,0.9,circuit5383.qasm,46,1,0,✗,66
FK12,malicious,0.9,circuit2587.qasm,44,0,1,✗,33
FK12,malicious,0.9,circuit4708.qasm,44,0,1,✗,33
FK12,malicious,0.9,circuit4909.qasm,42,0,0,✓,48
FK12,malicious,0.9,circuit0662.qasm,45,1,0,✗,63
FK12,malicious,0.9,circuit0427.qasm,53,1,0,✗,59
FK12,malicious,0.9,circuit8036.qasm,47,0,1,✗,41
FK12,malicious,0.9,circuit8433.qasm,44,1,0,✗,72
FK12,malicious,0.9,circuit7197.qasm,42,0,1,✗,34
FK12,malicious,0.9,circuit6104.qasm,42,1,0,✗,69
FK12,malicious,0.9,circuit6424.qasm,39,1,0,✗,62
FK12,malicious,0.9,circuit0499.qasm,40,0,1,✗,32
FK12,malicious,1,circuit3751.qasm,50,0,1,✗,31
FK12,malicious,0.9,circuit0571.qasm,41,1,0,✗,60
FK12,malicious,0.9,circuit0742.qasm,45,0,1,✗,47
FK12,malicious,0.9,circuit1665.qasm,48,1,0,✗,57
FK12,malicious,0.9,circuit9081.qasm,52,0,1,✗,35
FK12,malicious,0.9,circuit5432.qasm,45,1,0,✗,62
FK12,malicious,1,circuit3047.qasm,53,0,1,✗,34
FK12,malicious,1,circuit3840.qasm,45,1,0,✗,60
FK12,malicious,0.9,circuit9451.qasm,40,0,1,✗,39
FK12,malicious,1,circuit8579.qasm,55,0,1,✗,33
FK12,malicious,0.9,circuit6474.qasm,45,0,1,✗,38
FK12,malicious,0.9,circuit9803.qasm,48,1,0,✗,62
FK12,malicious,0.9,circuit8579.qasm,43,0,1,✗,35
FK12,malicious,1,circuit2264.qasm,52,0,0,✓,48
FK12,malicious,1,circuit2696.qasm,53,0,1,✗,37
FK12,malicious,1,circuit7077.qasm,47,0,1,✗,43
FK12,malicious,1,circuit9611.qasm,44,0,1,✗,38
FK12,malicious,1,circuit6691.qasm,40,0,1,✗,33
FK12,malicious,1,circuit8380.qasm,46,1,0,✗,67
FK12,malicious,1,circuit9107.qasm,46,1,0,✗,71
FK12,malicious,1,circuit0126.qasm,49,1,0,✗,70
FK12,malicious,1,circuit8253.qasm,49,0,1,✗,31
FK12,malicious,0.9,circuit5613.qasm,49,1,0,✗,65
FK12,malicious,1,circuit7587.qasm,47,0,1,✗,33
FK12,malicious,1,circuit4611.qasm,49,1,0,✗,66
FK12,malicious,1,circuit0302.qasm,52,0,1,✗,37
FK12,malicious,0.9,circuit0086.qasm,40,1,0,✗,71
FK12,malicious,0.9,circuit4099.qasm,52,0,1,✗,37
FK12,malicious,0.9,circuit0581.qasm,41,0,1,✗,29
FK12,malicious,0.9,circuit8725.qasm,51,1,0,✗,70
FK12,malicious,1,circuit0730.qasm,52,0,1,✗,29
FK12,malicious,0.9,circuit8100.qasm,55,1,0,✗,63
FK12,malicious,0.9,circuit2424.qasm,45,0,1,✗,40
FK12,malicious,0.9,circuit3751.qasm,43,0,1,✗,41
FK12,malicious,0.9,circuit5516.qasm,46,1,0,✗,60
FK12,malicious,1,circuit9081.qasm,42,0,1,✗,34
FK12,malicious,0.9,circuit8389.qasm,57,1,0,✗,74
FK12,malicious,1,circuit7947.qasm,58,0,1,✗,28
FK12,malicious,0.9,circuit2204.qasm,45,1,0,✗,63
FK12,malicious,0.9,circuit8753.qasm,51,1,0,✗,59
FK12,malicious,0.9,circuit3589.qasm,49,1,0,✗,60
FK12,malicious,0.9,circuit8024.qasm,49,0,1,✗,34
FK12,malicious,1,circuit6547.qasm,60,1,0,✗,65
FK12,malicious,1,circuit8232.qasm,54,1,0,✗,70
FK12,malicious,1,circuit4079.qasm,49,1,0,✗,60
FK12,malicious,1,circuit6388.qasm,55,1,0,✗,73
FK12,malicious,1,circuit2244.qasm,55,0,1,✗,33
FK12,malicious,1,circuit9678.qasm,43,0,1,✗,29
FK12,malicious,1,circuit4932.qasm,54,0,1,✗,45
FK12,malicious,1,circuit4871.qasm,46,0,1,✗,32
FK12,malicious,0.9,circuit9367.qasm,42,0,1,✗,43
FK12,malicious,1,circuit3191.qasm,40,0,1,✗,28
FK12,malicious,1,circuit2017.qasm,47,0,1,✗,27
FK12,malicious,1,circuit4002.qasm,49,0,1,✗,36
FK12,malicious,1,circuit5679.qasm,53,0,1,✗,46
FK12,malicious,1,circuit4909.qasm,60,1,0,✗,60
FK12,malicious,1,circuit2343.qasm,48,1,0,✗,67
FK12,malicious,1,circuit0255.qasm,48,1,0,✗,63
FK12,malicious,1,circuit2419.qasm,40,0,1,✗,39
FK12,malicious,1,circuit6067.qasm,52,0,1,✗,42
FK12,malicious,1,circuit6124.qasm,44,1,0,✗,61
FK12,malicious,1,circuit0662.qasm,56,1,0,✗,63
FK12,malicious,1,circuit6424.qasm,48,1,0,✗,72
FK12,malicious,1,circuit8556.qasm,52,1,0,✗,72
FK12,malicious,1,circuit8725.qasm,43,1,0,✗,66
FK12,malicious,1,circuit0499.qasm,53,0,1,✗,30
FK12,malicious,1,circuit7197.qasm,47,0,1,✗,25
FK12,malicious,1,circuit9638.qasm,52,1,0,✗,56
FK12,malicious,1,circuit2587.qasm,47,0,1,✗,32
FK12,malicious,1,circuit5028.qasm,46,1,0,✗,67
FK12,malicious,1,circuit2971.qasm,45,0,1,✗,34
FK12,malicious,1,circuit9367.qasm,47,0,1,✗,39
FK12,malicious,1,circuit6663.qasm,56,1,0,✗,62
FK12,malicious,1,circuit3647.qasm,60,0,1,✗,38
FK12,malicious,1,circuit5613.qasm,55,1,0,✗,69
FK12,malicious,1,circuit3669.qasm,43,1,0,✗,73
FK12,malicious,1,circuit3387.qasm,51,0,1,✗,28
FK12,malicious,1,circuit2886.qasm,49,0,1,✗,35
FK12,malicious,1,circuit8891.qasm,52,1,0,✗,68
FK12,malicious,1,circuit3498.qasm,49,0,0,✓,49
FK12,malicious,1,circuit3783.qasm,57,0,1,✗,28
FK12,malicious,1,circuit8100.qasm,45,1,0,✗,73
FK12,malicious,1,circuit2471.qasm,51,1,0,✗,69
FK12,malicious,1,circuit6734.qasm,54,0,1,✗,33
FK12,malicious,1,circuit4099.qasm,53,0,1,✗,42
FK12,malicious,1,circuit8242.qasm,45,0,1,✗,40
FK12,malicious,1,circuit0086.qasm,50,1,0,✗,62
FK12,malicious,1,circuit4708.qasm,48,0,1,✗,29
FK12,malicious,1,circuit0427.qasm,55,1,0,✗,68
FK12,malicious,1,circuit0581.qasm,51,0,1,✗,32
FK12,malicious,1,circuit8433.qasm,44,1,0,✗,66
FK12,malicious,1,circuit5104.qasm,52,0,1,✗,31
FK12,malicious,1,circuit8036.qasm,41,0,1,✗,29
FK12,malicious,1,circuit7799.qasm,46,1,0,✗,59
FK12,malicious,1,circuit5383.qasm,47,1,0,✗,65
FK12,malicious,1,circuit6104.qasm,45,1,0,✗,76
FK12,malicious,1,circuit5516.qasm,55,1,0,✗,63
FK12,malicious,1,circuit5432.qasm,49,1,0,✗,69
FK12,malicious,1,circuit1665.qasm,50,1,0,✗,66
FK12,malicious,1,circuit5296.qasm,50,0,1,✗,44
FK12,malicious,1,circuit2424.qasm,57,0,1,✗,35
FK12,malicious,1,circuit8389.qasm,64,1,0,✗,67
FK12,malicious,1,circuit2204.qasm,51,1,0,✗,62
FK12,malicious,1,circuit8753.qasm,61,1,0,✗,64
FK12,malicious,1,circuit6474.qasm,44,0,1,✗,37
FK12,malicious,1,circuit9451.qasm,50,0,1,✗,46
FK12,malicious,1,circuit9803.qasm,51,1,0,✗,65
FK12,malicious,1,circuit8024.qasm,45,0,1,✗,46
FK12,malicious,0.7,circuit9451.qasm,38,0,1,✗,43
FK12,malicious,0.7,circuit6474.qasm,41,0,1,✗,49
FK12,malicious,0.7,circuit9803.qasm,35,1,0,✗,53
FK12,malicious,0.7,circuit8024.qasm,39,0,1,✗,43
FK12,malicious,0.8,circuit9107.qasm,40,1,0,✗,57
FK12,malicious,0.8,circuit7077.qasm,37,0,1,✗,40
FK12,malicious,0.8,circuit5607.qasm,44,0,1,✗,41
FK12,malicious,0.8,circuit1480.qasm,48,0,1,✗,34
FK12,depolarising,0.0001,circuit6547.qasm,1,0,0,✓,37
FK12,depolarising,0.0001,circuit2264.qasm,0,0,0,✓,24
FK12,depolarising,0.0001,circuit4079.qasm,2,0,0,✓,33
FK12,depolarising,0.0001,circuit4871.qasm,5,1,1,✓,66
FK12,depolarising,0.0001,circuit2419.qasm,3,1,1,✓,55
FK12,depolarising,0.0001,circuit2696.qasm,1,1,1,✓,64
FK12,depolarising,0.0001,circuit5296.qasm,2,1,1,✓,64
FK12,depolarising,0.0001,circuit5613.qasm,3,0,0,✓,27
FK12,depolarising,0.0001,circuit3751.qasm,4,1,1,✓,59
FK12,depolarising,0.0005,circuit6547.qasm,17,0,0,✓,39
FK12,depolarising,0.0001,circuit0427.qasm,2,0,0,✓,40
FK12,depolarising,0.0001,circuit6124.qasm,0,0,0,✓,33
FK12,depolarising,0.0001,circuit0581.qasm,3,1,1,✓,63
FK12,depolarising,0.0001,circuit3191.qasm,3,1,1,✓,66
FK12,depolarising,0.0001,circuit0905.qasm,4,1,1,✓,74
FK12,depolarising,0.0001,circuit2886.qasm,4,1,1,✓,68
FK12,depolarising,0.0001,circuit3387.qasm,1,1,1,✓,58
FK12,depolarising,0.0005,circuit4002.qasm,7,1,1,✓,78
FK12,depolarising,0.0001,circuit0086.qasm,2,0,0,✓,33
FK12,depolarising,0.0001,circuit4909.qasm,1,0,0,✓,44
FK12,depolarising,0.0001,circuit8253.qasm,1,1,1,✓,54
FK12,depolarising,0.0001,circuit7587.qasm,1,1,1,✓,67
FK12,depolarising,0.0001,circuit2343.qasm,0,0,0,✓,45
FK12,depolarising,0.0001,circuit7101.qasm,4,1,1,✓,66
FK12,depolarising,0.0001,circuit8043.qasm,1,0,0,✓,32
FK12,depolarising,0.0001,circuit6663.qasm,0,0,0,✓,33
FK12,depolarising,0.0001,circuit0126.qasm,1,0,0,✓,24
FK12,depolarising,0.0001,circuit4611.qasm,5,0,0,✓,35
FK12,depolarising,0.0001,circuit4002.qasm,2,1,1,✓,60
FK12,depolarising,0.0005,circuit6691.qasm,12,1,1,✓,63
FK12,depolarising,0.0001,circuit5679.qasm,2,1,1,✓,51
FK12,depolarising,0.0001,circuit9611.qasm,4,1,1,✓,70
FK12,depolarising,0.0001,circuit5607.qasm,3,1,1,✓,72
FK12,depolarising,0.0001,circuit0730.qasm,0,1,1,✓,66
FK12,depolarising,0.0005,circuit5607.qasm,10,1,1,✓,72
FK12,depolarising,0.0001,circuit8326.qasm,3,0,0,✓,47
FK12,depolarising,0.0001,circuit1864.qasm,3,1,1,✓,64
FK12,depolarising,0.0001,circuit0255.qasm,4,0,0,✓,40
FK12,depolarising,0.0005,circuit8253.qasm,11,1,1,✓,71
FK12,depolarising,0.0005,circuit6067.qasm,11,1,1,✓,79
FK12,depolarising,0.0001,circuit4703.qasm,0,1,1,✓,72
FK12,depolarising,0.0001,circuit6067.qasm,1,1,1,✓,68
FK12,depolarising,0.0001,circuit5565.qasm,1,1,1,✓,79
FK12,depolarising,0.0005,circuit6124.qasm,11,0,0,✓,38
FK12,depolarising,0.0005,circuit4703.qasm,13,1,1,✓,67
FK12,depolarising,0.0001,circuit8556.qasm,2,0,0,✓,34
FK12,depolarising,0.0001,circuit4932.qasm,0,1,1,✓,59
FK12,depolarising,0.0001,circuit2244.qasm,0,1,1,✓,67
FK12,depolarising,0.0001,circuit0742.qasm,1,1,1,✓,59
FK12,depolarising,0.0001,circuit2971.qasm,2,1,1,✓,66
FK12,depolarising,0.0001,circuit3840.qasm,3,0,0,✓,38
FK12,depolarising,0.0001,circuit8891.qasm,3,0,0,✓,40
FK12,depolarising,0.0001,circuit9367.qasm,2,1,1,✓,66
FK12,depolarising,0.0001,circuit3647.qasm,0,1,1,✓,62
FK12,depolarising,0.0001,circuit2471.qasm,2,0,0,✓,36
FK12,depolarising,0.0001,circuit3589.qasm,2,0,0,✓,35
FK12,depolarising,0.0001,circuit2587.qasm,3,1,1,✓,65
FK12,depolarising,0.0001,circuit0571.qasm,1,0,0,✓,34
FK12,depolarising,0.0001,circuit4099.qasm,0,1,1,✓,69
FK12,depolarising,0.0001,circuit3783.qasm,0,1,1,✓,63
FK12,depolarising,0.0001,circuit3498.qasm,2,0,0,✓,42
FK12,depolarising,0.0001,circuit9081.qasm,2,1,1,✓,64
FK12,depolarising,0.0001,circuit8036.qasm,0,1,1,✓,64
FK12,depolarising,0.0001,circuit8024.qasm,2,1,1,✓,58
FK12,depolarising,0.0001,circuit9803.qasm,2,0,0,✓,43
FK12,depolarising,0.0001,circuit8753.qasm,1,0,0,✓,32
FK12,depolarising,0.0001,circuit8579.qasm,5,1,1,✓,70
FK12,depolarising,0.0001,circuit6388.qasm,2,0,0,✓,34
FK12,depolarising,0.0001,circuit9107.qasm,2,0,0,✓,30
FK12,depolarising,0.0001,circuit8232.qasm,1,0,0,✓,31
FK12,depolarising,0.0005,circuit2696.qasm,12,1,1,✓,76
FK12,depolarising,0.0001,circuit8380.qasm,2,0,0,✓,38
FK12,depolarising,0.0001,circuit7077.qasm,1,1,1,✓,65
FK12,depolarising,0.0005,circuit4611.qasm,13,0,0,✓,37
FK12,depolarising,0.0005,circuit5679.qasm,13,1,1,✓,58
FK12,depolarising,0.0005,circuit0905.qasm,11,1,1,✓,56
FK12,depolarising,0.0005,circuit0302.qasm,12,1,1,✓,59
FK12,depolarising,0.0005,circuit2343.qasm,10,0,0,✓,48
FK12,depolarising,0.0005,circuit3191.qasm,10,1,1,✓,73
FK12,depolarising,0.0005,circuit7242.qasm,8,1,1,✓,57
FK12,depolarising,0.0005,circuit7587.qasm,9,1,1,✓,69
FK12,depolarising,0.0005,circuit0255.qasm,11,0,0,✓,33
FK12,depolarising,0.0005,circuit5565.qasm,8,1,1,✓,70
FK12,depolarising,0.0005,circuit7101.qasm,8,1,1,✓,71
FK12,depolarising,0.0005,circuit1480.qasm,13,1,1,✓,68
FK12,depolarising,0.0005,circuit8043.qasm,10,0,0,✓,31
FK12,depolarising,0.0005,circuit2886.qasm,11,1,1,✓,65
FK12,depolarising,0.0005,circuit0730.qasm,16,1,1,✓,63
FK12,depolarising,0.0001,circuit9678.qasm,0,1,1,✓,70
FK12,depolarising,0.0005,circuit9678.qasm,7,1,1,✓,69
FK12,depolarising,0.0001,circuit2017.qasm,6,1,1,✓,70
FK12,depolarising,0.0005,circuit4932.qasm,10,1,1,✓,63
FK12,depolarising,0.0005,circuit2715.qasm,6,0,0,✓,38
FK12,depolarising,0.0005,circuit3840.qasm,12,0,0,✓,38
FK12,depolarising,0.0005,circuit7085.qasm,7,0,0,✓,33
FK12,depolarising,0.0005,circuit8100.qasm,17,0,0,✓,43
FK12,depolarising,0.0005,circuit5383.qasm,13,0,0,✓,36
FK12,depolarising,0.0005,circuit7799.qasm,12,0,0,✓,36
FK12,depolarising,0.0005,circuit3751.qasm,11,1,1,✓,73
FK12,depolarising,0.0001,circuit5383.qasm,0,0,0,✓,29
FK12,depolarising,0.0001,circuit7799.qasm,0,0,0,✓,36
FK12,depolarising,0.0001,circuit8100.qasm,1,0,0,✓,36
FK12,depolarising,0.0005,circuit9638.qasm,8,0,0,✓,35
FK12,depolarising,0.0001,circuit1737.qasm,3,1,1,✓,67
FK12,depolarising,0.0005,circuit4871.qasm,12,1,1,✓,76
FK12,depolarising,0.0001,circuit0662.qasm,4,0,0,✓,42
FK12,depolarising,0.0001,circuit8242.qasm,2,1,1,✓,61
FK12,depolarising,0.0005,circuit3047.qasm,5,1,1,✓,67
FK12,depolarising,0.0001,circuit3669.qasm,2,0,0,✓,24
FK12,depolarising,0.0005,circuit0571.qasm,10,0,0,✓,42
FK12,depolarising,0.0005,circuit0742.qasm,9,1,1,✓,63
FK12,depolarising,0.0001,circuit6424.qasm,2,0,0,✓,34
FK12,depolarising,0.0005,circuit3589.qasm,9,0,0,✓,28
FK12,depolarising,0.0005,circuit3647.qasm,11,1,1,✓,67
FK12,depolarising,0.0001,circuit4708.qasm,1,1,1,✓,56
FK12,depolarising,0.0005,circuit5028.qasm,12,0,0,✓,32
FK12,depolarising,0.0005,circuit4079.qasm,16,0,0,✓,44
FK12,depolarising,0.0001,circuit1665.qasm,0,0,0,✓,36
FK12,depolarising,0.0001,circuit5432.qasm,1,0,0,✓,32
FK12,depolarising,0.0001,circuit8725.qasm,2,0,0,✓,33
FK12,depolarising,0.0005,circuit5613.qasm,11,0,0,✓,30
FK12,depolarising,0.0001,circuit7197.qasm,3,1,1,✓,58
FK12,depolarising,0.0001,circuit8433.qasm,2,0,0,✓,40
FK12,depolarising,0.0001,circuit6104.qasm,4,0,0,✓,34
FK12,depolarising,0.0005,circuit7077.qasm,10,1,1,✓,62
FK12,depolarising,0.0001,circuit5516.qasm,1,0,0,✓,38
FK12,depolarising,0.0005,circuit2471.qasm,16,0,0,✓,28
FK12,depolarising,0.0001,circuit8389.qasm,3,0,0,✓,41
FK12,depolarising,0.0001,circuit9451.qasm,0,1,1,✓,61
FK12,depolarising,0.0001,circuit0499.qasm,5,1,1,✓,76
FK12,depolarising,0.0001,circuit2424.qasm,1,1,1,✓,57
FK12,depolarising,0.0001,circuit6474.qasm,6,1,1,✓,66
FK12,depolarising,0.0005,circuit9107.qasm,10,0,0,✓,35
FK12,depolarising,0.0005,circuit6388.qasm,12,0,0,✓,35
FK12,depolarising,0.0001,circuit2204.qasm,2,0,0,✓,37
FK12,depolarising,0.0005,circuit2419.qasm,15,1,1,✓,64
FK12,depolarising,0.0005,circuit3387.qasm,10,1,1,✓,64
FK12,depolarising,0.0005,circuit8232.qasm,14,0,0,✓,29
FK12,depolarising,0.0005,circuit8556.qasm,12,0,0,✓,27
FK12,depolarising,0.0005,circuit2264.qasm,14,0,0,✓,35
FK12,depolarising,0.0005,circuit8380.qasm,14,0,0,✓,36
FK12,depolarising,0.0005,circuit9451.qasm,12,1,1,✓,69
FK12,depolarising,0.0005,circuit2244.qasm,7,1,1,✓,62
FK12,depolarising,0.0005,circuit0126.qasm,13,0,0,✓,35
FK12,depolarising,0.0005,circuit9611.qasm,13,1,1,✓,62
FK12,depolarising,0.0005,circuit1864.qasm,7,1,1,✓,66
FK12,depolarising,0.0005,circuit8326.qasm,13,0,0,✓,43
FK12,depolarising,0.0005,circuit6663.qasm,20,0,0,✓,31
FK12,depolarising,0.0005,circuit9367.qasm,8,1,1,✓,53
FK12,depolarising,0.0001,circuit2715.qasm,0,0,0,✓,36
FK12,depolarising,0.0001,circuit7947.qasm,1,1,1,✓,67
FK12,depolarising,0.0001,circuit6734.qasm,1,1,1,✓,63
FK12,depolarising,0.0001,circuit9638.qasm,3,0,0,✓,37
FK12,depolarising,0.0005,circuit7947.qasm,8,1,1,✓,64
FK12,depolarising,0.0005,circuit7197.qasm,13,1,1,✓,69
FK12,depolarising,0.001,circuit7587.qasm,22,1,1,✓,62
FK12,depolarising,0.0005,circuit6734.qasm,17,1,1,✓,59
FK12,depolarising,0.0005,circuit2017.qasm,11,1,1,✓,70
FK12,depolarising,0.0005,circuit5296.qasm,9,1,1,✓,56
FK12,depolarising,0.0005,circuit2587.qasm,20,1,1,✓,65
FK12,depolarising,0.0005,circuit2424.qasm,14,1,1,✓,57
FK12,depolarising,0.0005,circuit9081.qasm,15,1,1,✓,70
FK12,depolarising,0.0027,circuit4079.qasm,49,0,0,✓,41
FK12,depolarising,0.0027,circuit8232.qasm,42,0,0,✓,46
FK12,depolarising,0.0027,circuit9107.qasm,54,0,0,✓,42
FK12,depolarising,0.0027,circuit6547.qasm,40,0,0,✓,37
FK12,depolarising,0.0027,circuit6388.qasm,54,0,0,✓,32
FK12,depolarising,0.0027,circuit4871.qasm,50,1,1,✓,61
FK12,depolarising,0.0027,circuit2696.qasm,42,1,1,✓,63
FK12,depolarising,0.0027,circuit8380.qasm,39,0,0,✓,43
FK12,depolarising,0.0005,circuit4909.qasm,16,0,0,✓,41
FK12,depolarising,0.0005,circuit8036.qasm,15,1,1,✓,69
FK12,depolarising,0.0027,circuit7077.qasm,46,1,1,✓,60
FK12,depolarising,0.0005,circuit4708.qasm,19,1,1,✓,64
FK12,depolarising,0.0005,circuit5432.qasm,15,0,0,✓,34
FK12,depolarising,0.0005,circuit1665.qasm,9,0,0,✓,30
FK12,depolarising,0.0005,circuit5516.qasm,11,0,0,✓,40
FK12,depolarising,0.001,circuit2886.qasm,20,1,1,✓,61
FK12,depolarising,0.0027,circuit2264.qasm,39,0,0,✓,41
FK12,depolarising,0.001,circuit3840.qasm,24,0,0,✓,30
FK12,depolarising,0.001,circuit2017.qasm,21,1,1,✓,68
FK12,depolarising,0.001,circuit3047.qasm,21,1,1,✓,74
FK12,depolarising,0.001,circuit8100.qasm,19,0,0,✓,40
FK12,depolarising,0.001,circuit8556.qasm,26,0,0,✓,39
FK12,depolarising,0.0005,circuit1737.qasm,9,1,1,✓,70
FK12,depolarising,0.0005,circuit3669.qasm,13,0,0,✓,31
FK12,depolarising,0.0005,circuit8891.qasm,13,0,0,✓,38
FK12,depolarising,0.0005,circuit3498.qasm,10,0,0,✓,49
FK12,depolarising,0.0005,circuit4099.qasm,15,1,1,✓,60
FK12,depolarising,0.0005,circuit2971.qasm,8,1,1,✓,72
FK12,depolarising,0.0005,circuit8433.qasm,8,0,0,✓,34
FK12,depolarising,0.0005,circuit6424.qasm,12,0,0,✓,36
FK12,depolarising,0.0005,circuit8725.qasm,13,0,0,✓,34
FK12,depolarising,0.0005,circuit0499.qasm,11,1,1,✓,68
FK12,depolarising,0.0005,circuit0662.qasm,12,0,0,✓,36
FK12,depolarising,0.0005,circuit0581.qasm,10,1,1,✓,55
FK12,depolarising,0.0005,circuit0427.qasm,9,0,0,✓,34
FK12,depolarising,0.0005,circuit8753.qasm,12,0,0,✓,40
FK12,depolarising,0.0005,circuit8389.qasm,16,0,0,✓,33
FK12,depolarising,0.0027,circuit4002.qasm,43,1,1,✓,69
FK12,depolarising,0.0005,circuit2204.qasm,7,0,0,✓,36
FK12,depolarising,0.0005,circuit9803.qasm,11,0,0,✓,38
FK12,depolarising,0.0005,circuit6474.qasm,8,1,1,✓,69
FK12,depolarising,0.001,circuit6547.qasm,17,0,0,✓,32
FK12,depolarising,0.0005,circuit8579.qasm,9,1,1,✓,70
FK12,depolarising,0.001,circuit2696.qasm,25,1,1,✓,62
FK12,depolarising,0.001,circuit4079.qasm,21,0,0,✓,37
FK12,depolarising,0.001,circuit9107.qasm,17,0,0,✓,24
FK12,depolarising,0.001,circuit6388.qasm,20,0,0,✓,34
FK12,depolarising,0.0027,circuit6691.qasm,40,1,1,✓,63
FK12,depolarising,0.0005,circuit8024.qasm,13,1,1,✓,64
FK12,depolarising,0.001,circuit8232.qasm,20,0,0,✓,34
FK12,depolarising,0.001,circuit7077.qasm,23,1,1,✓,62
FK12,depolarising,0.001,circuit2264.qasm,22,0,0,✓,38
FK12,depolarising,0.001,circuit8380.qasm,18,0,0,✓,35
FK12,depolarising,0.001,circuit8253.qasm,20,1,1,✓,56
FK12,depolarising,0.001,circuit4611.qasm,26,0,0,✓,31
FK12,depolarising,0.001,circuit0730.qasm,13,1,1,✓,64
FK12,depolarising,0.001,circuit1480.qasm,23,1,1,✓,65
FK12,depolarising,0.001,circuit8326.qasm,14,1,0,✗,50
FK12,depolarising,0.001,circuit8043.qasm,22,0,0,✓,37
FK12,depolarising,0.001,circuit6734.qasm,13,1,1,✓,61
FK12,depolarising,0.001,circuit7799.qasm,15,0,0,✓,38
FK12,depolarising,0.001,circuit3751.qasm,22,1,1,✓,62
FK12,depolarising,0.001,circuit0742.qasm,16,1,1,✓,64
FK12,depolarising,0.001,circuit9638.qasm,15,0,0,✓,31
FK12,depolarising,0.001,circuit3589.qasm,25,0,0,✓,47
FK12,depolarising,0.0005,circuit8242.qasm,13,1,1,✓,64
FK12,depolarising,0.0005,circuit3783.qasm,15,1,1,✓,63
FK12,depolarising,0.0005,circuit0086.qasm,7,0,0,✓,35
FK12,depolarising,0.001,circuit2471.qasm,20,0,0,✓,26
FK12,depolarising,0.001,circuit5383.qasm,17,0,0,✓,44
FK12,depolarising,0.0005,circuit6104.qasm,13,0,0,✓,44
FK12,depolarising,0.0005,circuit5104.qasm,5,1,1,✓,69
FK12,depolarising,0.001,circuit5296.qasm,18,1,1,✓,64
FK12,depolarising,0.001,circuit0571.qasm,18,0,0,✓,37
FK12,depolarising,0.001,circuit3647.qasm,17,1,1,✓,50
FK12,depolarising,0.001,circuit3498.qasm,19,0,0,✓,45
FK12,depolarising,0.001,circuit3783.qasm,20,1,1,✓,61
FK12,depolarising,0.001,circuit5613.qasm,22,0,0,✓,37
FK12,depolarising,0.001,circuit8242.qasm,20,1,1,✓,58
FK12,depolarising,0.001,circuit4099.qasm,19,1,1,✓,62
FK12,depolarising,0.001,circuit2971.qasm,29,1,1,✓,70
FK12,depolarising,0.001,circuit4909.qasm,21,0,0,✓,40
FK12,depolarising,0.001,circuit4708.qasm,15,1,1,✓,63
FK12,depolarising,0.001,circuit8036.qasm,18,1,1,✓,64
FK12,depolarising,0.001,circuit0086.qasm,19,0,0,✓,30
FK12,depolarising,0.001,circuit3669.qasm,22,0,0,✓,40
FK12,depolarising,0.001,circuit8725.qasm,15,0,0,✓,26
FK12,depolarising,0.001,circuit8433.qasm,21,0,0,✓,38
FK12,depolarising,0.001,circuit6424.qasm,26,0,0,✓,36
FK12,depolarising,0.001,circuit7197.qasm,20,1,1,✓,72
FK12,depolarising,0.001,circuit6104.qasm,20,0,0,✓,32
FK12,depolarising,0.001,circuit5104.qasm,24,1,1,✓,65
FK12,depolarising,0.001,circuit5432.qasm,23,0,0,✓,34
FK12,depolarising,0.001,circuit5516.qasm,26,0,0,✓,40
FK12,depolarising,0.001,circuit1665.qasm,19,0,0,✓,31
FK12,depolarising,0.0001,circuit6691.qasm,0,1,1,✓,64
FK12,depolarising,0.001,circuit0427.qasm,23,1,0,✗,50
FK12,depolarising,0.001,circuit9081.qasm,26,1,1,✓,60
FK12,depolarising,0.001,circuit4871.qasm,15,1,1,✓,73
FK12,depolarising,0.001,circuit2424.qasm,23,1,1,✓,69
FK12,depolarising,0.001,circuit4002.qasm,27,1,1,✓,69
FK12,depolarising,0.0001,circuit0302.qasm,6,1,1,✓,56
FK12,depolarising,0.0001,circuit1480.qasm,0,1,1,✓,64
FK12,depolarising,0.001,circuit9611.qasm,21,1,1,✓,65
FK12,depolarising,0.0001,circuit7242.qasm,0,1,1,✓,54
FK12,depolarising,0.0001,circuit3047.qasm,2,1,1,✓,63
FK12,depolarising,0.001,circuit0126.qasm,24,0,0,✓,37
FK12,depolarising,0.0001,circuit7085.qasm,0,0,0,✓,34
FK12,depolarising,0.001,circuit6067.qasm,29,1,1,✓,58
FK12,depolarising,0.001,circuit6691.qasm,15,1,1,✓,54
FK12,depolarising,0.001,circuit0255.qasm,21,0,0,✓,41
FK12,depolarising,0.0027,circuit0126.qasm,45,0,0,✓,38
FK12,depolarising,0.001,circuit5607.qasm,25,1,1,✓,53
FK12,depolarising,0.001,circuit0302.qasm,29,1,1,✓,63
FK12,depolarising,0.001,circuit2419.qasm,23,1,1,✓,52
FK12,depolarising,0.001,circuit7101.qasm,19,1,1,✓,66
FK12,depolarising,0.001,circuit1864.qasm,26,1,1,✓,63
FK12,depolarising,0.0027,circuit3191.qasm,44,1,1,✓,58
FK12,depolarising,0.001,circuit4703.qasm,18,1,1,✓,61
FK12,depolarising,0.001,circuit0905.qasm,18,1,1,✓,72
FK12,depolarising,0.001,circuit7947.qasm,21,1,1,✓,65
FK12,depolarising,0.001,circuit6663.qasm,14,0,0,✓,38
FK12,depolarising,0.001,circuit2715.qasm,22,0,0,✓,33
FK12,depolarising,0.001,circuit2343.qasm,19,0,0,✓,45
FK12,depolarising,0.001,circuit3387.qasm,20,1,1,✓,68
FK12,depolarising,0.001,circuit7085.qasm,28,0,0,✓,37
FK12,depolarising,0.001,circuit4932.qasm,22,1,1,✓,59
FK12,depolarising,0.001,circuit2244.qasm,19,1,1,✓,65
FK12,depolarising,0.001,circuit5565.qasm,18,1,1,✓,67
FK12,depolarising,0.0001,circuit5028.qasm,4,0,0,✓,33
FK12,depolarising,0.001,circuit9678.qasm,23,1,1,✓,61
FK12,depolarising,0.005,circuit2696.qasm,69,1,1,✓,62
FK12,depolarising,0.005,circuit8043.qasm,69,1,0,✗,51
FK12,depolarising,0.005,circuit6124.qasm,66,1,0,✗,51
FK12,depolarising,0.0027,circuit9611.qasm,46,1,1,✓,68
FK12,depolarising,0.0001,circuit5104.qasm,2,1,1,✓,67
FK12,depolarising,0.0027,circuit4611.qasm,49,0,0,✓,37
FK12,depolarising,0.001,circuit2587.qasm,25,1,1,✓,69
FK12,depolarising,0.0027,circuit5679.qasm,48,1,1,✓,50
FK12,depolarising,0.001,circuit5028.qasm,23,0,0,✓,22
FK12,depolarising,0.001,circuit9367.qasm,20,1,1,✓,62
FK12,depolarising,0.0027,circuit5607.qasm,52,1,1,✓,65
FK12,depolarising,0.005,circuit5607.qasm,73,1,1,✓,56
FK12,depolarising,0.005,circuit1480.qasm,66,1,1,✓,59
FK12,depolarising,0.005,circuit2715.qasm,70,0,0,✓,46
FK12,depolarising,0.001,circuit8891.qasm,17,0,0,✓,41
FK12,depolarising,0.001,circuit1737.qasm,20,1,1,✓,60
FK12,depolarising,0.005,circuit7101.qasm,79,1,1,✓,57
FK12,depolarising,0.0027,circuit7587.qasm,50,1,1,✓,71
FK12,depolarising,0.0027,circuit0302.qasm,41,1,1,✓,63
FK12,depolarising,0.001,circuit0662.qasm,21,0,0,✓,44
FK12,depolarising,0.001,circuit0581.qasm,19,1,1,✓,65
FK12,depolarising,0.005,circuit7085.qasm,67,0,0,✓,40
FK12,depolarising,0.005,circuit2244.qasm,66,1,1,✓,59
FK12,depolarising,0.005,circuit6663.qasm,67,1,0,✗,52
FK12,depolarising,0.001,circuit0499.qasm,17,1,1,✓,66
FK12,depolarising,0.001,circuit5679.qasm,21,1,1,✓,56
FK12,depolarising,0.001,circuit3191.qasm,28,1,1,✓,71
FK12,depolarising,0.001,circuit6124.qasm,21,0,0,✓,47
FK12,depolarising,0.001,circuit7242.qasm,19,1,1,✓,60
FK12,depolarising,0.005,circuit2017.qasm,67,1,1,✓,57
FK12,depolarising,0.005,circuit5383.qasm,67,0,0,✓,38
FK12,depolarising,0.0027,circuit0905.qasm,42,1,1,✓,63
FK12,depolarising,0.0027,circuit0255.qasm,45,0,0,✓,34
FK12,depolarising,0.0027,circuit8253.qasm,52,1,1,✓,51
FK12,depolarising,0.0027,circuit6124.qasm,49,0,0,✓,45
FK12,depolarising,0.0027,circuit6067.qasm,47,1,1,✓,66
FK12,depolarising,0.0027,circuit5565.qasm,45,1,1,✓,71
